[
  {
    "id": 49692,
    "url": "https://www.tvmaze.com/episodes/49692/prison-break-1x01-pilot",
    "name": "Pilot",
    "season": 1,
    "number": 1,
    "type": "regular",
    "airdate": "2005-08-29",
    "airtime": "20:00",
    "airstamp": "2005-08-30T00:00:00+00:00",
    "runtime": 60,
    "rating": { "average": 7.8 },
    "image": {
      "medium": "https://static.tvmaze.com/uploads/images/medium_landscape/51/129052.jpg",
      "original": "https://static.tvmaze.com/uploads/images/original_untouched/51/129052.jpg"
    },
    "summary": "<p>Lincoln Burrows is currently on death row and scheduled to die in a few months for an assassination his younger brother Michael is convinced he did not commit. With no other options and time winding down, Michael takes drastic measures to get himself incarcerated alongside his brother in Fox River State Penitentiary. Once he's inside, Michael - a structural engineer with the blueprints for the prison - begins to execute an elaborate plan to break Lincoln out and prove him innocent. When Michael arrives at Fox River State Penitentiary, he meets the prison denizens who will, unknowingly, help in his escape plans - his cellmate, the lovelorn Sucre; beautiful prison doctor Dr. Sara Tancredi, who happens to be the governor's daughter; former mob boss John Abruzzi; and Warden Henry Pope. Meanwhile, outside the prison walls, the brothers' childhood friend and Lincoln's lost love, attorney Veronica Donovan, works within the law to free them; Lincoln's teenage son LJ may be going down a path similar to his convicted father's; and Secret Service Agent Paul Kellerman's investigation into Lincoln's case proves that there may be a national conspiracy.</p>",
    "_links": {
      "self": { "href": "https://api.tvmaze.com/episodes/49692" },
      "show": {
        "href": "https://api.tvmaze.com/shows/541",
        "name": "Prison Break"
      }
    }
  },
  {
    "id": 49693,
    "url": "https://www.tvmaze.com/episodes/49693/prison-break-1x02-allen",
    "name": "Allen",
    "season": 1,
    "number": 2,
    "type": "regular",
    "airdate": "2005-08-29",
    "airtime": "20:00",
    "airstamp": "2005-08-30T00:00:00+00:00",
    "runtime": 60,
    "rating": { "average": 7.9 },
    "image": {
      "medium": "https://static.tvmaze.com/uploads/images/medium_landscape/51/129053.jpg",
      "original": "https://static.tvmaze.com/uploads/images/original_untouched/51/129053.jpg"
    },
    "summary": "<p>Michael seeks help of his fellow prison inhabitants to execute his escape plans.</p>",
    "_links": {
      "self": { "href": "https://api.tvmaze.com/episodes/49693" },
      "show": {
        "href": "https://api.tvmaze.com/shows/541",
        "name": "Prison Break"
      }
    }
  },
  {
    "id": 49694,
    "url": "https://www.tvmaze.com/episodes/49694/prison-break-1x03-cell-test",
    "name": "Cell Test",
    "season": 1,
    "number": 3,
    "type": "regular",
    "airdate": "2005-09-05",
    "airtime": "20:00",
    "airstamp": "2005-09-06T00:00:00+00:00",
    "runtime": 60,
    "rating": { "average": 7.5 },
    "image": {
      "medium": "https://static.tvmaze.com/uploads/images/medium_landscape/51/129054.jpg",
      "original": "https://static.tvmaze.com/uploads/images/original_untouched/51/129054.jpg"
    },
    "summary": "<p>Time is running out, and Michael must enlist the help of his cellmate, Sucre, to help execute his elaborate escape plan. Once Sucre realizes what Michael is up to, however, he decides that he doesn't want any part of it and asks for a cell transfer. Michael's new cellmate, Haywire, is trouble like his name. Unable to continue with his plan, Michael fears the worst. Meanwhile, Veronica's suspicions are growing as she meets a woman who may be able to help stop Lincoln's execution.</p>",
    "_links": {
      "self": { "href": "https://api.tvmaze.com/episodes/49694" },
      "show": {
        "href": "https://api.tvmaze.com/shows/541",
        "name": "Prison Break"
      }
    }
  },
  {
    "id": 49695,
    "url": "https://www.tvmaze.com/episodes/49695/prison-break-1x04-cute-poison",
    "name": "Cute Poison",
    "season": 1,
    "number": 4,
    "type": "regular",
    "airdate": "2005-09-12",
    "airtime": "20:00",
    "airstamp": "2005-09-13T00:00:00+00:00",
    "runtime": 60,
    "rating": { "average": 8 },
    "image": {
      "medium": "https://static.tvmaze.com/uploads/images/medium_landscape/51/129055.jpg",
      "original": "https://static.tvmaze.com/uploads/images/original_untouched/51/129055.jpg"
    },
    "summary": "<p>Seeing isn't believing when Haywire develops a fascination with Michael's elaborate torso tattoo, which further delays Michael's timetable for escape. Sucre has a change of heart when an unexpected visitor informs him of Maricruz's affairs. Lincoln's nightmares about his execution intensify. Veronica goes on the defense for Lincoln as she teams with an advocacy lawyer who may be more than interested in justice.</p>",
    "_links": {
      "self": { "href": "https://api.tvmaze.com/episodes/49695" },
      "show": {
        "href": "https://api.tvmaze.com/shows/541",
        "name": "Prison Break"
      }
    }
  },
  {
    "id": 49696,
    "url": "https://www.tvmaze.com/episodes/49696/prison-break-1x05-english-fitz-or-percy",
    "name": "English, Fitz or Percy",
    "season": 1,
    "number": 5,
    "type": "regular",
    "airdate": "2005-09-19",
    "airtime": "20:00",
    "airstamp": "2005-09-20T00:00:00+00:00",
    "runtime": 60,
    "rating": { "average": 7.8 },
    "image": {
      "medium": "https://static.tvmaze.com/uploads/images/medium_landscape/51/129056.jpg",
      "original": "https://static.tvmaze.com/uploads/images/original_untouched/51/129056.jpg"
    },
    "summary": "<p>Kellerman and Hale pay a visit to Warden Pope, whose past may not be as angelic as it appears; Michael learns he may be getting out of Fox River much sooner than he expected - without Lincoln; Veronica and Nick's investigation to prove Lincoln's innocence makes Veronica doubt whom she can really trust; Michael must raise the roof as another piece of his escape plan.</p>",
    "_links": {
      "self": { "href": "https://api.tvmaze.com/episodes/49696" },
      "show": {
        "href": "https://api.tvmaze.com/shows/541",
        "name": "Prison Break"
      }
    }
  },
  {
    "id": 49697,
    "url": "https://www.tvmaze.com/episodes/49697/prison-break-1x06-riots-drills-and-the-devil-1",
    "name": "Riots, Drills and the Devil (1)",
    "season": 1,
    "number": 6,
    "type": "regular",
    "airdate": "2005-09-26",
    "airtime": "20:00",
    "airstamp": "2005-09-27T00:00:00+00:00",
    "runtime": 60,
    "rating": { "average": 8 },
    "image": {
      "medium": "https://static.tvmaze.com/uploads/images/medium_landscape/51/129057.jpg",
      "original": "https://static.tvmaze.com/uploads/images/original_untouched/51/129057.jpg"
    },
    "summary": "<p>Michael turns up the heat to break through to the other side (of his cell wall). Unbeknownst to Lincoln, outside forces plan to move up his execution day. Veronica and Nick track a lead to Washington, DC. A full scale riot in the prison threatens the lives of inmates and employees alike and gives T-Bag an opportunity to uncover a startling secret.</p>",
    "_links": {
      "self": { "href": "https://api.tvmaze.com/episodes/49697" },
      "show": {
        "href": "https://api.tvmaze.com/shows/541",
        "name": "Prison Break"
      }
    }
  },
  {
    "id": 49698,
    "url": "https://www.tvmaze.com/episodes/49698/prison-break-1x07-riots-drills-and-the-devil-2",
    "name": "Riots, Drills and the Devil (2)",
    "season": 1,
    "number": 7,
    "type": "regular",
    "airdate": "2005-10-03",
    "airtime": "20:00",
    "airstamp": "2005-10-04T00:00:00+00:00",
    "runtime": 60,
    "rating": { "average": 8.1 },
    "image": {
      "medium": "https://static.tvmaze.com/uploads/images/medium_landscape/51/129058.jpg",
      "original": "https://static.tvmaze.com/uploads/images/original_untouched/51/129058.jpg"
    },
    "summary": "<p>As the full-scale riot escalates, Michael faces a difficult decision regarding the life of Dr. Sara; Abruzzi and Sucre team up to break the devil's back; T-Bag tastes blood in his quest to be included in the escape plan; Lincoln has a potentially fatal confrontation; and Veronica and Nick track a lead to Washington, DC.</p>",
    "_links": {
      "self": { "href": "https://api.tvmaze.com/episodes/49698" },
      "show": {
        "href": "https://api.tvmaze.com/shows/541",
        "name": "Prison Break"
      }
    }
  },
  {
    "id": 49699,
    "url": "https://www.tvmaze.com/episodes/49699/prison-break-1x08-the-old-head",
    "name": "The Old Head",
    "season": 1,
    "number": 8,
    "type": "regular",
    "airdate": "2005-10-24",
    "airtime": "20:00",
    "airstamp": "2005-10-25T00:00:00+00:00",
    "runtime": 60,
    "rating": { "average": 8 },
    "image": {
      "medium": "https://static.tvmaze.com/uploads/images/medium_landscape/51/129059.jpg",
      "original": "https://static.tvmaze.com/uploads/images/original_untouched/51/129059.jpg"
    },
    "summary": "<p>Michael's plan hits a snag when he discovers an old storage shed crucial to the escape has been turned into the guard's break room. Veronica and Nick get an explosive warning to back off their investigation to prove Lincoln's innocence; LJ goes on the run; the conspiracy claims three more lives; the identity of the mystery woman calling the shots is revealed.</p>",
    "_links": {
      "self": { "href": "https://api.tvmaze.com/episodes/49699" },
      "show": {
        "href": "https://api.tvmaze.com/shows/541",
        "name": "Prison Break"
      }
    }
  },
  {
    "id": 49700,
    "url": "https://www.tvmaze.com/episodes/49700/prison-break-1x09-tweener",
    "name": "Tweener",
    "season": 1,
    "number": 9,
    "type": "regular",
    "airdate": "2005-10-31",
    "airtime": "20:00",
    "airstamp": "2005-11-01T01:00:00+00:00",
    "runtime": 60,
    "rating": { "average": 7.8 },
    "image": {
      "medium": "https://static.tvmaze.com/uploads/images/medium_landscape/51/129060.jpg",
      "original": "https://static.tvmaze.com/uploads/images/original_untouched/51/129060.jpg"
    },
    "summary": "<p>Abruzzi finds himself demoted in the prison hierarchy, placing the entire escape plan at risk; when T-Bag's latest relationship sours and he targets a new 'fish,' Michael is torn between wanting to protect the new kid and T-Bag's threats that he will reveal the escape plan to the guards if Michael interferes; in the aftermath of the double murder, LJ runs for his life; the inmates digs themselves into a hole with the latest part of the plan.</p>",
    "_links": {
      "self": { "href": "https://api.tvmaze.com/episodes/49700" },
      "show": {
        "href": "https://api.tvmaze.com/shows/541",
        "name": "Prison Break"
      }
    }
  },
  {
    "id": 49701,
    "url": "https://www.tvmaze.com/episodes/49701/prison-break-1x10-sleight-of-hand",
    "name": "Sleight of Hand",
    "season": 1,
    "number": 10,
    "type": "regular",
    "airdate": "2005-11-07",
    "airtime": "20:00",
    "airstamp": "2005-11-08T01:00:00+00:00",
    "runtime": 60,
    "rating": { "average": 7.8 },
    "image": {
      "medium": "https://static.tvmaze.com/uploads/images/medium_landscape/51/129061.jpg",
      "original": "https://static.tvmaze.com/uploads/images/original_untouched/51/129061.jpg"
    },
    "summary": "<p>In order to get Abruzzi back in command of the prison's work detail (and the escape plan back on track), Michael must finally give up Fibonnaci's location (and life) to Philly Falzone; Kellerman and Hale get a little unwanted 'help' to track down a missing LJ; Veronica and Nick uncover evidence against the man Lincoln was convicted of murdering; Michael and Dr. Sara grow closer; And the escape gang grows by one.</p>",
    "_links": {
      "self": { "href": "https://api.tvmaze.com/episodes/49701" },
      "show": {
        "href": "https://api.tvmaze.com/shows/541",
        "name": "Prison Break"
      }
    }
  },
  {
    "id": 49702,
    "url": "https://www.tvmaze.com/episodes/49702/prison-break-1x11-and-then-there-were-7",
    "name": "And Then There Were 7",
    "season": 1,
    "number": 11,
    "type": "regular",
    "airdate": "2005-11-14",
    "airtime": "20:00",
    "airstamp": "2005-11-15T01:00:00+00:00",
    "runtime": 60,
    "rating": { "average": 7.7 },
    "image": {
      "medium": "https://static.tvmaze.com/uploads/images/medium_landscape/51/129062.jpg",
      "original": "https://static.tvmaze.com/uploads/images/original_untouched/51/129062.jpg"
    },
    "summary": "<p>The escape gang and Dr. Sara are shocked when they learn the identity of Michael's latest visitor, who brings with her a priceless piece of the plan; Captain Bellick's suspicions are aroused; Tweener's pickpocketing skills get Michael back some valuable time. Quinn tracks Veronica, Nick and LJ to the cabin in the woods and Kellerman and Hale have a life-threatening difference of opinion.</p>",
    "_links": {
      "self": { "href": "https://api.tvmaze.com/episodes/49702" },
      "show": {
        "href": "https://api.tvmaze.com/shows/541",
        "name": "Prison Break"
      }
    }
  },
  {
    "id": 49703,
    "url": "https://www.tvmaze.com/episodes/49703/prison-break-1x12-odd-man-out",
    "name": "Odd Man Out",
    "season": 1,
    "number": 12,
    "type": "regular",
    "airdate": "2005-11-21",
    "airtime": "20:00",
    "airstamp": "2005-11-22T01:00:00+00:00",
    "runtime": 60,
    "rating": { "average": 8 },
    "image": {
      "medium": "https://static.tvmaze.com/uploads/images/medium_landscape/51/129063.jpg",
      "original": "https://static.tvmaze.com/uploads/images/original_untouched/51/129063.jpg"
    },
    "summary": "<p>With proof that his escape plan is working, Michael gets suited up to overcome the vertical limits of his last obstacle. Back in PI, as the escape attempt draws near, the group tries to reduce their number by one and targets T-Bag, who has some insurance in his pocket. Outside the prison walls, LJ slips away to attend his mother's funeral, which is also attended by her murderer. Veronica gets a call from an unlikely source who sheds light on the night of Terrence Steadman's assassination.</p>",
    "_links": {
      "self": { "href": "https://api.tvmaze.com/episodes/49703" },
      "show": {
        "href": "https://api.tvmaze.com/shows/541",
        "name": "Prison Break"
      }
    }
  },
  {
    "id": 49704,
    "url": "https://www.tvmaze.com/episodes/49704/prison-break-1x13-end-of-the-tunnel",
    "name": "End of the Tunnel",
    "season": 1,
    "number": 13,
    "type": "regular",
    "airdate": "2005-11-28",
    "airtime": "20:00",
    "airstamp": "2005-11-29T01:00:00+00:00",
    "runtime": 60,
    "rating": { "average": 7.9 },
    "image": {
      "medium": "https://static.tvmaze.com/uploads/images/medium_landscape/51/129064.jpg",
      "original": "https://static.tvmaze.com/uploads/images/original_untouched/51/129064.jpg"
    },
    "summary": "<p>With Lincoln's execution scheduled for the following day, Veronica comes out of hiding to reach out to him and gains a newsworthy ally in the process. Kellerman makes the ultimate sacrifice to preserve the conspiracy. Michael must find a way to get Lincoln out of Solitary confinement in time for the escape that evening. The inmates risk everything as they attempt the escape.</p>",
    "_links": {
      "self": { "href": "https://api.tvmaze.com/episodes/49704" },
      "show": {
        "href": "https://api.tvmaze.com/shows/541",
        "name": "Prison Break"
      }
    }
  },
  {
    "id": 49705,
    "url": "https://www.tvmaze.com/episodes/49705/prison-break-1x14-the-rat",
    "name": "The Rat",
    "season": 1,
    "number": 14,
    "type": "regular",
    "airdate": "2006-03-20",
    "airtime": "20:00",
    "airstamp": "2006-03-21T01:00:00+00:00",
    "runtime": 60,
    "rating": { "average": 8 },
    "image": {
      "medium": "https://static.tvmaze.com/uploads/images/medium_landscape/51/129065.jpg",
      "original": "https://static.tvmaze.com/uploads/images/original_untouched/51/129065.jpg"
    },
    "summary": "<p>With the escape attempt a failure, the inmates must make their way back to their cells without being detected. Dr. Sara asks the Governor for fatherly forgiveness; Veronica and Nick make a final plea to the judge overseeing Lincoln's case; and with only hours until Lincoln's execution, Michael devises an electrifying plan to keep him alive.</p>",
    "_links": {
      "self": { "href": "https://api.tvmaze.com/episodes/49705" },
      "show": {
        "href": "https://api.tvmaze.com/shows/541",
        "name": "Prison Break"
      }
    }
  },
  {
    "id": 49706,
    "url": "https://www.tvmaze.com/episodes/49706/prison-break-1x15-by-the-skin-and-the-teeth",
    "name": "By the Skin and the Teeth",
    "season": 1,
    "number": 15,
    "type": "regular",
    "airdate": "2006-03-27",
    "airtime": "20:00",
    "airstamp": "2006-03-28T01:00:00+00:00",
    "runtime": 60,
    "rating": { "average": 7.7 },
    "image": {
      "medium": "https://static.tvmaze.com/uploads/images/medium_landscape/51/129066.jpg",
      "original": "https://static.tvmaze.com/uploads/images/original_untouched/51/129066.jpg"
    },
    "summary": "<p>A face from the past haunts Lincoln on his execution day; Veronica raises the dead to prove Lincoln's innocence; Michael takes guard duty in formulating a new escape plan; and a mystery man sheds light on the conspiracy.</p>",
    "_links": {
      "self": { "href": "https://api.tvmaze.com/episodes/49706" },
      "show": {
        "href": "https://api.tvmaze.com/shows/541",
        "name": "Prison Break"
      }
    }
  },
  {
    "id": 49707,
    "url": "https://www.tvmaze.com/episodes/49707/prison-break-1x16-brothers-keeper",
    "name": "Brother's Keeper",
    "season": 1,
    "number": 16,
    "type": "regular",
    "airdate": "2006-04-03",
    "airtime": "20:00",
    "airstamp": "2006-04-04T00:00:00+00:00",
    "runtime": 60,
    "rating": { "average": 7.5 },
    "image": {
      "medium": "https://static.tvmaze.com/uploads/images/medium_landscape/51/129067.jpg",
      "original": "https://static.tvmaze.com/uploads/images/original_untouched/51/129067.jpg"
    },
    "summary": "<p>A series of flashbacks to three years ago unveils how Lincoln, Sucre, T-Bag, C-Note and Dr. Sara landed in Fox River State Penitentiary, and what drove Michael to craft his elaborate plan to break his condemned sibling out of the prison.</p>",
    "_links": {
      "self": { "href": "https://api.tvmaze.com/episodes/49707" },
      "show": {
        "href": "https://api.tvmaze.com/shows/541",
        "name": "Prison Break"
      }
    }
  },
  {
    "id": 49708,
    "url": "https://www.tvmaze.com/episodes/49708/prison-break-1x17-j-cat",
    "name": "J-Cat",
    "season": 1,
    "number": 17,
    "type": "regular",
    "airdate": "2006-04-10",
    "airtime": "20:00",
    "airstamp": "2006-04-11T00:00:00+00:00",
    "runtime": 60,
    "rating": { "average": 7.8 },
    "image": {
      "medium": "https://static.tvmaze.com/uploads/images/medium_landscape/51/129068.jpg",
      "original": "https://static.tvmaze.com/uploads/images/original_untouched/51/129068.jpg"
    },
    "summary": "<p>As Michael struggles to remember missing pieces of the prison schematics, Warden Pope places him in solitary when he refuses to name names.</p>",
    "_links": {
      "self": { "href": "https://api.tvmaze.com/episodes/49708" },
      "show": {
        "href": "https://api.tvmaze.com/shows/541",
        "name": "Prison Break"
      }
    }
  },
  {
    "id": 49709,
    "url": "https://www.tvmaze.com/episodes/49709/prison-break-1x18-bluff",
    "name": "Bluff",
    "season": 1,
    "number": 18,
    "type": "regular",
    "airdate": "2006-04-17",
    "airtime": "20:00",
    "airstamp": "2006-04-18T00:00:00+00:00",
    "runtime": 60,
    "rating": { "average": 7.5 },
    "image": {
      "medium": "https://static.tvmaze.com/uploads/images/medium_landscape/51/129069.jpg",
      "original": "https://static.tvmaze.com/uploads/images/original_untouched/51/129069.jpg"
    },
    "summary": "<p>Transferred to the psych ward, Michael tries to clear Haywire's head and jog his memory of the missing piece of the blueprint tattoo; Bellick wants to auction off Michael's cell to the highest bidder; C-Note and T-Bag must team up in a high-stakes poker game, while Sucre's cousin Manche seems to hold all the cards.</p>",
    "_links": {
      "self": { "href": "https://api.tvmaze.com/episodes/49709" },
      "show": {
        "href": "https://api.tvmaze.com/shows/541",
        "name": "Prison Break"
      }
    }
  },
  {
    "id": 49710,
    "url": "https://www.tvmaze.com/episodes/49710/prison-break-1x19-the-key",
    "name": "The Key",
    "season": 1,
    "number": 19,
    "type": "regular",
    "airdate": "2006-04-24",
    "airtime": "20:00",
    "airstamp": "2006-04-25T00:00:00+00:00",
    "runtime": 60,
    "rating": { "average": 8 },
    "image": {
      "medium": "https://static.tvmaze.com/uploads/images/medium_landscape/27/69259.jpg",
      "original": "https://static.tvmaze.com/uploads/images/original_untouched/27/69259.jpg"
    },
    "summary": "<p>The mystery man reveals himself to Lincoln as well as his connection to some bad company; when Michael realizes Sara holds the key to the escape plan, he takes their relationship to another level; Fox River turns into a mob scene when a familiar face returns; Tweener must choose sides; and Bellick may finally discover the \"hole\" truth.</p>",
    "_links": {
      "self": { "href": "https://api.tvmaze.com/episodes/49710" },
      "show": {
        "href": "https://api.tvmaze.com/shows/541",
        "name": "Prison Break"
      }
    }
  },
  {
    "id": 49711,
    "url": "https://www.tvmaze.com/episodes/49711/prison-break-1x20-tonight",
    "name": "Tonight",
    "season": 1,
    "number": 20,
    "type": "regular",
    "airdate": "2006-05-01",
    "airtime": "20:00",
    "airstamp": "2006-05-02T00:00:00+00:00",
    "runtime": 60,
    "rating": { "average": 8.3 },
    "image": {
      "medium": "https://static.tvmaze.com/uploads/images/medium_landscape/51/129071.jpg",
      "original": "https://static.tvmaze.com/uploads/images/original_untouched/51/129071.jpg"
    },
    "summary": "<p>Westmoreland uses Bellick to plug a hole in the escape plan, which forces Michael to move up the breakout timetable. A fearful Tweener pledges his loyalty to Michael and in return may get out of jail for free; Michael feels that he has no choice but to involve Sara in the plan and must betray his father figure; and Veronica finds her life in jeopardy from her closest ally, who has a surprising connection to a Fox River inmate.</p>",
    "_links": {
      "self": { "href": "https://api.tvmaze.com/episodes/49711" },
      "show": {
        "href": "https://api.tvmaze.com/shows/541",
        "name": "Prison Break"
      }
    }
  },
  {
    "id": 49712,
    "url": "https://www.tvmaze.com/episodes/49712/prison-break-1x21-go",
    "name": "Go",
    "season": 1,
    "number": 21,
    "type": "regular",
    "airdate": "2006-05-08",
    "airtime": "20:00",
    "airstamp": "2006-05-09T00:00:00+00:00",
    "runtime": 60,
    "rating": { "average": 8.4 },
    "image": {
      "medium": "https://static.tvmaze.com/uploads/images/medium_landscape/51/129072.jpg",
      "original": "https://static.tvmaze.com/uploads/images/original_untouched/51/129072.jpg"
    },
    "summary": "<p>Dr. Sara questions if she should leave a light on and the door open for Michael, who must betray the Pope in order to carry out his escape plan. Veronica finds evidence that points her to Montana, but realizes that her closest ally may actually be her greatest enemy. Michael, Lincoln and the other inmates make a break for it, but after the alarm is sounded, find out who will make it over the wall, who will be left behind and who will leave the prison in a body bag.</p>",
    "_links": {
      "self": { "href": "https://api.tvmaze.com/episodes/49712" },
      "show": {
        "href": "https://api.tvmaze.com/shows/541",
        "name": "Prison Break"
      }
    }
  },
  {
    "id": 49713,
    "url": "https://www.tvmaze.com/episodes/49713/prison-break-1x22-flight",
    "name": "Flight",
    "season": 1,
    "number": 22,
    "type": "regular",
    "airdate": "2006-05-15",
    "airtime": "20:00",
    "airstamp": "2006-05-16T00:00:00+00:00",
    "runtime": 60,
    "rating": { "average": 8 },
    "image": {
      "medium": "https://static.tvmaze.com/uploads/images/medium_landscape/51/129073.jpg",
      "original": "https://static.tvmaze.com/uploads/images/original_untouched/51/129073.jpg"
    },
    "summary": "<p>With the escape in motion, Michael, Lincoln and the inmates take flight outside the prison walls, risking life and limb to evade capture. Warden Pope and Captain Bellick embark on a relentless pursuit to capture the escapees; the Vice President fears she will lose her command as well as her life; and Veronica tracks down the most significant piece of evidence to prove Lincoln's innocence.</p>",
    "_links": {
      "self": { "href": "https://api.tvmaze.com/episodes/49713" },
      "show": {
        "href": "https://api.tvmaze.com/shows/541",
        "name": "Prison Break"
      }
    }
  },
  {
    "id": 49714,
    "url": "https://www.tvmaze.com/episodes/49714/prison-break-2x01-manhunt",
    "name": "Manhunt",
    "season": 2,
    "number": 1,
    "type": "regular",
    "airdate": "2006-08-21",
    "airtime": "20:00",
    "airstamp": "2006-08-22T00:00:00+00:00",
    "runtime": 60,
    "rating": { "average": 8.1 },
    "image": {
      "medium": "https://static.tvmaze.com/uploads/images/medium_landscape/51/129076.jpg",
      "original": "https://static.tvmaze.com/uploads/images/original_untouched/51/129076.jpg"
    },
    "summary": "<p>Picking up eight hours after their escape from Fox River, Michael, Lincoln, Sucre, Abruzzi and C-Note are on the run for their lives as a vengeful Bellick leads the prison guards seeking to capture their escaped quarry; Dr. Sara is in critical condition from her overdose; Veronica finds herself a prisoner with Terrance; T-Bag tries to get the upper hand while fleeing from the authorities; and a new take-charge FBI investigator proves to be Scofield's match.</p>",
    "_links": {
      "self": { "href": "https://api.tvmaze.com/episodes/49714" },
      "show": {
        "href": "https://api.tvmaze.com/shows/541",
        "name": "Prison Break"
      }
    }
  },
  {
    "id": 49715,
    "url": "https://www.tvmaze.com/episodes/49715/prison-break-2x02-otis",
    "name": "Otis",
    "season": 2,
    "number": 2,
    "type": "regular",
    "airdate": "2006-08-28",
    "airtime": "20:00",
    "airstamp": "2006-08-29T00:00:00+00:00",
    "runtime": 60,
    "rating": { "average": 7.1 },
    "image": {
      "medium": "https://static.tvmaze.com/uploads/images/medium_landscape/51/129077.jpg",
      "original": "https://static.tvmaze.com/uploads/images/original_untouched/51/129077.jpg"
    },
    "summary": "<p>Abruzzi, Sucre and C-Note make a run for it on their own; Michael and Lincoln plan another breakout - this time to rescue a jailed LJ, whom Mahone targets in his quest to capture the escaped cons; Bellick and Warden Pope face a jury of their peers regarding the prison escape; Tweener hitches a ride with the college crowd; and T-Bag takes drastic measures to get the upper hand.</p>",
    "_links": {
      "self": { "href": "https://api.tvmaze.com/episodes/49715" },
      "show": {
        "href": "https://api.tvmaze.com/shows/541",
        "name": "Prison Break"
      }
    }
  },
  {
    "id": 49716,
    "url": "https://www.tvmaze.com/episodes/49716/prison-break-2x03-scan",
    "name": "Scan",
    "season": 2,
    "number": 3,
    "type": "regular",
    "airdate": "2006-09-04",
    "airtime": "20:00",
    "airstamp": "2006-09-05T00:00:00+00:00",
    "runtime": 60,
    "rating": { "average": 7 },
    "image": {
      "medium": "https://static.tvmaze.com/uploads/images/medium_landscape/51/129078.jpg",
      "original": "https://static.tvmaze.com/uploads/images/original_untouched/51/129078.jpg"
    },
    "summary": "<p>Michael and Lincoln experience car trouble as Mahone's pursuit of them goes up in flames; Sucre hits the road to stop Maricruz from taking a gamble; C-Note is determined to reunite with his wife and daughter despite their surveillance; a familiar face keeps a close eye on Sara, who finds the tables turned on her; determined to cash in on the prison break, Bellick partners with an unlikely ally.</p>",
    "_links": {
      "self": { "href": "https://api.tvmaze.com/episodes/49716" },
      "show": {
        "href": "https://api.tvmaze.com/shows/541",
        "name": "Prison Break"
      }
    }
  },
  {
    "id": 49717,
    "url": "https://www.tvmaze.com/episodes/49717/prison-break-2x04-first-down",
    "name": "First Down",
    "season": 2,
    "number": 4,
    "type": "regular",
    "airdate": "2006-09-11",
    "airtime": "20:00",
    "airstamp": "2006-09-12T00:00:00+00:00",
    "runtime": 60,
    "rating": { "average": 7.5 },
    "image": {
      "medium": "https://static.tvmaze.com/uploads/images/medium_landscape/51/129079.jpg",
      "original": "https://static.tvmaze.com/uploads/images/original_untouched/51/129079.jpg"
    },
    "summary": "<p>Bellick shacks up with Michael, Lincoln and Nika in hopes of discovering Westmoreland's hidden $5 million; a family learns the dangers of hitchhiking when they pick up a stranded T-Bag; Abruzzi rejoins the family and is determined to get his revenge on Fibonnoci; Kellerman makes his move on Sara, who gets a phone call she has been waiting for; and Mahone finally gets his man.</p>",
    "_links": {
      "self": { "href": "https://api.tvmaze.com/episodes/49717" },
      "show": {
        "href": "https://api.tvmaze.com/shows/541",
        "name": "Prison Break"
      }
    }
  },
  {
    "id": 49718,
    "url": "https://www.tvmaze.com/episodes/49718/prison-break-2x05-map-1213",
    "name": "Map 1213",
    "season": 2,
    "number": 5,
    "type": "regular",
    "airdate": "2006-09-18",
    "airtime": "20:00",
    "airstamp": "2006-09-19T00:00:00+00:00",
    "runtime": 60,
    "rating": { "average": 7.5 },
    "image": {
      "medium": "https://static.tvmaze.com/uploads/images/medium_landscape/51/129080.jpg",
      "original": "https://static.tvmaze.com/uploads/images/original_untouched/51/129080.jpg"
    },
    "summary": "<p>Mahone takes a sudden interest in the \"myth\" of DB Cooper and receives a special delivery at FBI headquarters; Michael and Lincoln are determined to be the first to find the location of Westmoreland's Double K ranch in Utah; T-Bag hopes his memory doesn't fail him; C-Note has a bumpy train ride; Sucre races to Las Vegas to stop Maricruz's wedding; Kellerman gets his foot in (Sara's) door.</p>",
    "_links": {
      "self": { "href": "https://api.tvmaze.com/episodes/49718" },
      "show": {
        "href": "https://api.tvmaze.com/shows/541",
        "name": "Prison Break"
      }
    }
  },
  {
    "id": 49719,
    "url": "https://www.tvmaze.com/episodes/49719/prison-break-2x06-subdivision",
    "name": "Subdivision",
    "season": 2,
    "number": 6,
    "type": "regular",
    "airdate": "2006-09-25",
    "airtime": "20:00",
    "airstamp": "2006-09-26T00:00:00+00:00",
    "runtime": 60,
    "rating": { "average": 7.5 },
    "image": {
      "medium": "https://static.tvmaze.com/uploads/images/medium_landscape/51/129081.jpg",
      "original": "https://static.tvmaze.com/uploads/images/original_untouched/51/129081.jpg"
    },
    "summary": "<p>Michael and Lincoln go house-hunting in Utah to find Westmoreland's hidden money; T-Bag shows his particular brand of Southern hospitality; Haywire finally re-surfaces; Sucre finds a familiar face on the road; Mahone's interest in the legend of DB Cooper leads him closer to the escapees.</p>",
    "_links": {
      "self": { "href": "https://api.tvmaze.com/episodes/49719" },
      "show": {
        "href": "https://api.tvmaze.com/shows/541",
        "name": "Prison Break"
      }
    }
  },
  {
    "id": 49720,
    "url": "https://www.tvmaze.com/episodes/49720/prison-break-2x07-buried",
    "name": "Buried",
    "season": 2,
    "number": 7,
    "type": "regular",
    "airdate": "2006-10-02",
    "airtime": "20:00",
    "airstamp": "2006-10-03T00:00:00+00:00",
    "runtime": 60,
    "rating": { "average": 7.7 },
    "image": {
      "medium": "https://static.tvmaze.com/uploads/images/medium_landscape/51/129082.jpg",
      "original": "https://static.tvmaze.com/uploads/images/original_untouched/51/129082.jpg"
    },
    "summary": "<p>Lincoln is determined to reunite with LJ, who is suspicious of his good fortune in Arizona; Michael, C-Note, Sucre and T-Bag's hunt for buried treasure finally pays off; Kellerman has a change of heart just as Sara is targeted by The Company; and Mahone forces Tweener to make a deadly choice.</p>",
    "_links": {
      "self": { "href": "https://api.tvmaze.com/episodes/49720" },
      "show": {
        "href": "https://api.tvmaze.com/shows/541",
        "name": "Prison Break"
      }
    }
  },
  {
    "id": 49721,
    "url": "https://www.tvmaze.com/episodes/49721/prison-break-2x08-dead-fall",
    "name": "Dead Fall",
    "season": 2,
    "number": 8,
    "type": "regular",
    "airdate": "2006-10-23",
    "airtime": "20:00",
    "airstamp": "2006-10-24T00:00:00+00:00",
    "runtime": 60,
    "rating": { "average": 7.7 },
    "image": {
      "medium": "https://static.tvmaze.com/uploads/images/medium_landscape/51/129083.jpg",
      "original": "https://static.tvmaze.com/uploads/images/original_untouched/51/129083.jpg"
    },
    "summary": "<p>Michael has his hands full when Sucre turns traitor and escapes with the newly found $5 million; Mahone is investigated by Internal Affairs regarding Tweener's death; Lincoln is determined to reunite with LJ, but may be walking into The Company's trap; and Sara must fight for her life when the conspiracy tries to make history repeat itself.</p>",
    "_links": {
      "self": { "href": "https://api.tvmaze.com/episodes/49721" },
      "show": {
        "href": "https://api.tvmaze.com/shows/541",
        "name": "Prison Break"
      }
    }
  },
  {
    "id": 49722,
    "url": "https://www.tvmaze.com/episodes/49722/prison-break-2x09-unearthed",
    "name": "Unearthed",
    "season": 2,
    "number": 9,
    "type": "regular",
    "airdate": "2006-10-30",
    "airtime": "20:00",
    "airstamp": "2006-10-31T01:00:00+00:00",
    "runtime": 60,
    "rating": { "average": 7.7 },
    "image": {
      "medium": "https://static.tvmaze.com/uploads/images/medium_landscape/51/129084.jpg",
      "original": "https://static.tvmaze.com/uploads/images/original_untouched/51/129084.jpg"
    },
    "summary": "<p>Michael puts the moves on Mahone's wife in hopes of digging up dirt on his pursuer. Lincoln and LJ have an uneasy road trip; C-Note's wife must choose between her husband and daughter; and T-Bag gets an unwelcome surprise while looking for a lost love.</p>",
    "_links": {
      "self": { "href": "https://api.tvmaze.com/episodes/49722" },
      "show": {
        "href": "https://api.tvmaze.com/shows/541",
        "name": "Prison Break"
      }
    }
  },
  {
    "id": 49723,
    "url": "https://www.tvmaze.com/episodes/49723/prison-break-2x10-rendezvous",
    "name": "Rendezvous",
    "season": 2,
    "number": 10,
    "type": "regular",
    "airdate": "2006-11-06",
    "airtime": "20:00",
    "airstamp": "2006-11-07T01:00:00+00:00",
    "runtime": 60,
    "rating": { "average": 7.8 },
    "image": {
      "medium": "https://static.tvmaze.com/uploads/images/medium_landscape/51/129085.jpg",
      "original": "https://static.tvmaze.com/uploads/images/original_untouched/51/129085.jpg"
    },
    "summary": "<p>Michael and Sara's reunion is anything but romantic as Mahone and Kellerman are determined to keep them apart - permanently; Lincoln receives some help from a father figure as LJ meets a long-lost relative; Sucre plans a getaway with Maricruz; and T-Bag runs into a familiar face while holding the key to his freedom.</p>",
    "_links": {
      "self": { "href": "https://api.tvmaze.com/episodes/49723" },
      "show": {
        "href": "https://api.tvmaze.com/shows/541",
        "name": "Prison Break"
      }
    }
  },
  {
    "id": 49724,
    "url": "https://www.tvmaze.com/episodes/49724/prison-break-2x11-bolshoi-booze",
    "name": "Bolshoi Booze",
    "season": 2,
    "number": 11,
    "type": "regular",
    "airdate": "2006-11-13",
    "airtime": "20:00",
    "airstamp": "2006-11-14T01:00:00+00:00",
    "runtime": 60,
    "rating": { "average": 8.2 },
    "image": {
      "medium": "https://static.tvmaze.com/uploads/images/medium_landscape/51/129086.jpg",
      "original": "https://static.tvmaze.com/uploads/images/original_untouched/51/129086.jpg"
    },
    "summary": "<p>Lincoln must say goodbye to yet another loved one as he attempts to reunite with Michael; Michael's attempt to secure a getaway plane is grounded; Mahone deciphers a crucial puzzle piece; T-Bag gets his revenge on his tormentors; and Sara and Kellerman have a tense face-off that leaves one of them gasping for their last breath.</p>",
    "_links": {
      "self": { "href": "https://api.tvmaze.com/episodes/49724" },
      "show": {
        "href": "https://api.tvmaze.com/shows/541",
        "name": "Prison Break"
      }
    }
  },
  {
    "id": 49725,
    "url": "https://www.tvmaze.com/episodes/49725/prison-break-2x12-disconnect",
    "name": "Disconnect",
    "season": 2,
    "number": 12,
    "type": "regular",
    "airdate": "2006-11-20",
    "airtime": "20:00",
    "airstamp": "2006-11-21T01:00:00+00:00",
    "runtime": 60,
    "rating": { "average": 8.1 },
    "image": {
      "medium": "https://static.tvmaze.com/uploads/images/medium_landscape/51/129087.jpg",
      "original": "https://static.tvmaze.com/uploads/images/original_untouched/51/129087.jpg"
    },
    "summary": "<p>A family reunion brings up painful memories of Michael's childhood; Mahone tracks an injured Coyote to lead him to the getaway plane; C-Note gets a taste of some bad medicine; and Bellick and Kellerman get the third degree from the women in their lives.</p>",
    "_links": {
      "self": { "href": "https://api.tvmaze.com/episodes/49725" },
      "show": {
        "href": "https://api.tvmaze.com/shows/541",
        "name": "Prison Break"
      }
    }
  },
  {
    "id": 49726,
    "url": "https://www.tvmaze.com/episodes/49726/prison-break-2x13-the-killing-box",
    "name": "The Killing Box",
    "season": 2,
    "number": 13,
    "type": "regular",
    "airdate": "2006-11-27",
    "airtime": "20:00",
    "airstamp": "2006-11-28T01:00:00+00:00",
    "runtime": 60,
    "rating": { "average": 8.4 },
    "image": {
      "medium": "https://static.tvmaze.com/uploads/images/medium_landscape/51/129088.jpg",
      "original": "https://static.tvmaze.com/uploads/images/original_untouched/51/129088.jpg"
    },
    "summary": "<p>T-Bag goes postal to track down a missing Mrs. Hollander. Sucre's escape plane faces deadly turbulence. Bellick has the tables turned on him upon his return to Fox River Penitentiary. Michael and Lincoln are taken into custody to be transported back to Fox River, forcing Mahone and Kellerman to take drastic measures to ensure that the brothers make it to the prison morgue instead of their cells. And a surprising ally changes the game for everyone.</p>",
    "_links": {
      "self": { "href": "https://api.tvmaze.com/episodes/49726" },
      "show": {
        "href": "https://api.tvmaze.com/shows/541",
        "name": "Prison Break"
      }
    }
  },
  {
    "id": 49727,
    "url": "https://www.tvmaze.com/episodes/49727/prison-break-2x14-john-doe",
    "name": "John Doe",
    "season": 2,
    "number": 14,
    "type": "regular",
    "airdate": "2007-01-22",
    "airtime": "20:00",
    "airstamp": "2007-01-23T01:00:00+00:00",
    "runtime": 60,
    "rating": { "average": 8.4 },
    "image": {
      "medium": "https://static.tvmaze.com/uploads/images/medium_landscape/51/129089.jpg",
      "original": "https://static.tvmaze.com/uploads/images/original_untouched/51/129089.jpg"
    },
    "summary": "<p>Michael, Lincoln and Kellerman face several roadblocks as they attempt to capture a protected Terrance Steadman; tragedy strikes the Mahone family; Bellick turns sour when a fellow inmate turns sweet on him; C-Note faces life on the run as a single parent; and T-Bag forces the Hollander family to play house with him.</p>",
    "_links": {
      "self": { "href": "https://api.tvmaze.com/episodes/49727" },
      "show": {
        "href": "https://api.tvmaze.com/shows/541",
        "name": "Prison Break"
      }
    }
  },
  {
    "id": 49728,
    "url": "https://www.tvmaze.com/episodes/49728/prison-break-2x15-the-message",
    "name": "The Message",
    "season": 2,
    "number": 15,
    "type": "regular",
    "airdate": "2007-01-29",
    "airtime": "20:00",
    "airstamp": "2007-01-30T01:00:00+00:00",
    "runtime": 60,
    "rating": { "average": 8.2 },
    "image": {
      "medium": "https://static.tvmaze.com/uploads/images/medium_landscape/51/129090.jpg",
      "original": "https://static.tvmaze.com/uploads/images/original_untouched/51/129090.jpg"
    },
    "summary": "<p>Michael, Lincoln and Kellerman takes the airwaves hostage as they attempt to evade the authorities and get a message to a missing Sara; Bellick gets a surprise visit in Fox River's infirmary; Haywire resurfaces and lands in more trouble; Sucre takes his good Samaritan for a ride.</p>",
    "_links": {
      "self": { "href": "https://api.tvmaze.com/episodes/49728" },
      "show": {
        "href": "https://api.tvmaze.com/shows/541",
        "name": "Prison Break"
      }
    }
  },
  {
    "id": 49729,
    "url": "https://www.tvmaze.com/episodes/49729/prison-break-2x16-chicago",
    "name": "Chicago",
    "season": 2,
    "number": 16,
    "type": "regular",
    "airdate": "2007-02-05",
    "airtime": "20:00",
    "airstamp": "2007-02-06T01:00:00+00:00",
    "runtime": 60,
    "rating": { "average": 8.3 },
    "image": {
      "medium": "https://static.tvmaze.com/uploads/images/medium_landscape/51/129091.jpg",
      "original": "https://static.tvmaze.com/uploads/images/original_untouched/51/129091.jpg"
    },
    "summary": "<p>Michael and Sara become more than 'strangers on a train' en route to confront the President; Mahone recruits an new ally in his attempts to capture the fugitives; T-Bag puts on a happy face when the welcome wagon arrives; and a fourth escapee takes a fall.</p>",
    "_links": {
      "self": { "href": "https://api.tvmaze.com/episodes/49729" },
      "show": {
        "href": "https://api.tvmaze.com/shows/541",
        "name": "Prison Break"
      }
    }
  },
  {
    "id": 49730,
    "url": "https://www.tvmaze.com/episodes/49730/prison-break-2x17-bad-blood",
    "name": "Bad Blood",
    "season": 2,
    "number": 17,
    "type": "regular",
    "airdate": "2007-02-19",
    "airtime": "20:00",
    "airstamp": "2007-02-20T01:00:00+00:00",
    "runtime": 60,
    "rating": { "average": 8.2 },
    "image": {
      "medium": "https://static.tvmaze.com/uploads/images/medium_landscape/51/129092.jpg",
      "original": "https://static.tvmaze.com/uploads/images/original_untouched/51/129092.jpg"
    },
    "summary": "<p>Michael and Sara realize that Warden Pope (guest star Stacy Keach) is the key to recovering information that will bring down 'The Company'; Mahone corners another escapee; C-Note fears for his daughter's life; Sucre learns the dangers of hitchhiking en route to reuniting with Maricruz; and T-Bag walks down memory lane when he takes the Hollander family to his childhood home.</p>",
    "_links": {
      "self": { "href": "https://api.tvmaze.com/episodes/49730" },
      "show": {
        "href": "https://api.tvmaze.com/shows/541",
        "name": "Prison Break"
      }
    }
  },
  {
    "id": 49731,
    "url": "https://www.tvmaze.com/episodes/49731/prison-break-2x18-wash",
    "name": "Wash",
    "season": 2,
    "number": 18,
    "type": "regular",
    "airdate": "2007-02-26",
    "airtime": "20:00",
    "airstamp": "2007-02-27T01:00:00+00:00",
    "runtime": 60,
    "rating": { "average": 8.2 },
    "image": {
      "medium": "https://static.tvmaze.com/uploads/images/medium_landscape/51/129093.jpg",
      "original": "https://static.tvmaze.com/uploads/images/original_untouched/51/129093.jpg"
    },
    "summary": "<p>Lincoln, Michael and Sara find the evidence they need to expose the conspiracy; Mahone forces one of the escapees to draw Michael and Lincoln out into the open; T-Bag's visit to a psychiatrist's office is more than therapeutic; Bellick is dispatched south of the border; and Kellerman sets his sights on the President.</p>",
    "_links": {
      "self": { "href": "https://api.tvmaze.com/episodes/49731" },
      "show": {
        "href": "https://api.tvmaze.com/shows/541",
        "name": "Prison Break"
      }
    }
  },
  {
    "id": 49732,
    "url": "https://www.tvmaze.com/episodes/49732/prison-break-2x19-sweet-caroline",
    "name": "Sweet Caroline",
    "season": 2,
    "number": 19,
    "type": "regular",
    "airdate": "2007-03-05",
    "airtime": "20:00",
    "airstamp": "2007-03-06T01:00:00+00:00",
    "runtime": 60,
    "rating": { "average": 7.5 },
    "image": {
      "medium": "https://static.tvmaze.com/uploads/images/medium_landscape/51/129094.jpg",
      "original": "https://static.tvmaze.com/uploads/images/original_untouched/51/129094.jpg"
    },
    "summary": "<p>As Kellerman prepares for an assassination, Michael is determined to confront the President and expose her secrets recorded on the audiotape. Mahone plays a tense waiting game with Sara. T-Bag's lost luggage may prove a windfall for Bellick and Sucre. C-Note's drastic actions leave him hanging.</p>",
    "_links": {
      "self": { "href": "https://api.tvmaze.com/episodes/49732" },
      "show": {
        "href": "https://api.tvmaze.com/shows/541",
        "name": "Prison Break"
      }
    }
  },
  {
    "id": 49733,
    "url": "https://www.tvmaze.com/episodes/49733/prison-break-2x20-panama",
    "name": "Panama",
    "season": 2,
    "number": 20,
    "type": "regular",
    "airdate": "2007-03-19",
    "airtime": "20:00",
    "airstamp": "2007-03-20T00:00:00+00:00",
    "runtime": 60,
    "rating": { "average": 7.9 },
    "image": {
      "medium": "https://static.tvmaze.com/uploads/images/medium_landscape/51/129095.jpg",
      "original": "https://static.tvmaze.com/uploads/images/original_untouched/51/129095.jpg"
    },
    "summary": "<p>Sara weighs sacrificing herself in order for Michael and Lincoln to set sail to freedom; T-Bag's reign of terror continues south of the border as Bellick forces Sucre to track down the missing money; Mahone's actions finally catch up with him; and an escapee finally tastes freedom.</p>",
    "_links": {
      "self": { "href": "https://api.tvmaze.com/episodes/49733" },
      "show": {
        "href": "https://api.tvmaze.com/shows/541",
        "name": "Prison Break"
      }
    }
  },
  {
    "id": 49734,
    "url": "https://www.tvmaze.com/episodes/49734/prison-break-2x21-fin-del-camino",
    "name": "Fin Del Camino",
    "season": 2,
    "number": 21,
    "type": "regular",
    "airdate": "2007-03-26",
    "airtime": "20:00",
    "airstamp": "2007-03-27T00:00:00+00:00",
    "runtime": 60,
    "rating": { "average": 7.9 },
    "image": {
      "medium": "https://static.tvmaze.com/uploads/images/medium_landscape/51/129096.jpg",
      "original": "https://static.tvmaze.com/uploads/images/original_untouched/51/129096.jpg"
    },
    "summary": "<p>Michael is determined to get his hands on T-Bag as much as Bellick is determined to get his hands on the millions; Lincoln and Mahone square off; Sara faces judgment day as Kellerman decides his own fate.</p>",
    "_links": {
      "self": { "href": "https://api.tvmaze.com/episodes/49734" },
      "show": {
        "href": "https://api.tvmaze.com/shows/541",
        "name": "Prison Break"
      }
    }
  },
  {
    "id": 49735,
    "url": "https://www.tvmaze.com/episodes/49735/prison-break-2x22-sona",
    "name": "Sona",
    "season": 2,
    "number": 22,
    "type": "regular",
    "airdate": "2007-04-02",
    "airtime": "20:00",
    "airstamp": "2007-04-03T00:00:00+00:00",
    "runtime": 60,
    "rating": { "average": 7.8 },
    "image": {
      "medium": "https://static.tvmaze.com/uploads/images/medium_landscape/51/129097.jpg",
      "original": "https://static.tvmaze.com/uploads/images/original_untouched/51/129097.jpg"
    },
    "summary": "<p>Michael races against the clock to rescue Lincoln and beat Mahone at his own end game; Sucre risks his life to save a missing Maricruz; Kellerman's testimony at Sara's trial proves deadly; and T-Bag and Bellick find themselves up a Panamanian river.</p>",
    "_links": {
      "self": { "href": "https://api.tvmaze.com/episodes/49735" },
      "show": {
        "href": "https://api.tvmaze.com/shows/541",
        "name": "Prison Break"
      }
    }
  },
  {
    "id": 49736,
    "url": "https://www.tvmaze.com/episodes/49736/prison-break-3x01-orientacion",
    "name": "Orientación",
    "season": 3,
    "number": 1,
    "type": "regular",
    "airdate": "2007-09-17",
    "airtime": "20:00",
    "airstamp": "2007-09-18T00:00:00+00:00",
    "runtime": 60,
    "rating": { "average": 7.4 },
    "image": {
      "medium": "https://static.tvmaze.com/uploads/images/medium_landscape/51/129100.jpg",
      "original": "https://static.tvmaze.com/uploads/images/original_untouched/51/129100.jpg"
    },
    "summary": "<p>The season opener finds Michael Scofield in Sona, a hellish and deadly Panamanian prison where a previous riot has forced all authority out and has left the prisoners in charge of their own lives (and deaths). With the fate of his loved ones hanging in the balance, Michael must to find Whistler, a mysterious fellow inmate hiding within the prison's sewer system, in order to break him out from a prison from which there is no way out. Meanwhile, Lincoln searches for a missing Sara and receives troubling news about LJ on \"Orientacion.\"</p>",
    "_links": {
      "self": { "href": "https://api.tvmaze.com/episodes/49736" },
      "show": {
        "href": "https://api.tvmaze.com/shows/541",
        "name": "Prison Break"
      }
    }
  },
  {
    "id": 49737,
    "url": "https://www.tvmaze.com/episodes/49737/prison-break-3x02-firewater",
    "name": "Fire/Water",
    "season": 3,
    "number": 2,
    "type": "regular",
    "airdate": "2007-09-24",
    "airtime": "20:00",
    "airstamp": "2007-09-25T00:00:00+00:00",
    "runtime": 60,
    "rating": { "average": 7.3 },
    "image": {
      "medium": "https://static.tvmaze.com/uploads/images/medium_landscape/51/129101.jpg",
      "original": "https://static.tvmaze.com/uploads/images/original_untouched/51/129101.jpg"
    },
    "summary": "<p>Michael races to find a hidden Whistler before Mahone; searching for clues outside the prison, Lincoln runs into an old friend and makes a new one; T-Bag slithers his way into Lechero's graces as the prisoners threaten a revolt due to the lack of agua (water).</p>",
    "_links": {
      "self": { "href": "https://api.tvmaze.com/episodes/49737" },
      "show": {
        "href": "https://api.tvmaze.com/shows/541",
        "name": "Prison Break"
      }
    }
  },
  {
    "id": 49738,
    "url": "https://www.tvmaze.com/episodes/49738/prison-break-3x03-call-waiting",
    "name": "Call Waiting",
    "season": 3,
    "number": 3,
    "type": "regular",
    "airdate": "2007-10-01",
    "airtime": "20:00",
    "airstamp": "2007-10-02T00:00:00+00:00",
    "runtime": 60,
    "rating": { "average": 7.1 },
    "image": {
      "medium": "https://static.tvmaze.com/uploads/images/medium_landscape/51/129102.jpg",
      "original": "https://static.tvmaze.com/uploads/images/original_untouched/51/129102.jpg"
    },
    "summary": "<p>Determined to speak with Sara, Michael enlists T-Bag's help to get to the only phone in Sona: Lechero's; Lincoln attempts a daring rescue; Whistler comes clean to Michael, just as Mahone is tempted to fall back on a dirty habit; and Bellick makes an enemy while attempting to get back on his feet.</p>",
    "_links": {
      "self": { "href": "https://api.tvmaze.com/episodes/49738" },
      "show": {
        "href": "https://api.tvmaze.com/shows/541",
        "name": "Prison Break"
      }
    }
  },
  {
    "id": 49739,
    "url": "https://www.tvmaze.com/episodes/49739/prison-break-3x04-good-fences",
    "name": "Good Fences",
    "season": 3,
    "number": 4,
    "type": "regular",
    "airdate": "2007-10-08",
    "airtime": "20:00",
    "airstamp": "2007-10-09T00:00:00+00:00",
    "runtime": 60,
    "rating": { "average": 7.1 },
    "image": {
      "medium": "https://static.tvmaze.com/uploads/images/medium_landscape/51/129103.jpg",
      "original": "https://static.tvmaze.com/uploads/images/original_untouched/51/129103.jpg"
    },
    "summary": "<p>After his failed attempt to rescue LJ and Sara, Lincoln receives a deadly warning from The Company; Michael formulates an electrifying escape plan from Sona; Mahone is haunted by a face from the past; and T-Bag crawls up the ladder as Bellick lands in hot water with Lechero.</p>",
    "_links": {
      "self": { "href": "https://api.tvmaze.com/episodes/49739" },
      "show": {
        "href": "https://api.tvmaze.com/shows/541",
        "name": "Prison Break"
      }
    }
  },
  {
    "id": 49740,
    "url": "https://www.tvmaze.com/episodes/49740/prison-break-3x05-interference",
    "name": "Interference",
    "season": 3,
    "number": 5,
    "type": "regular",
    "airdate": "2007-10-22",
    "airtime": "20:00",
    "airstamp": "2007-10-23T00:00:00+00:00",
    "runtime": 60,
    "rating": { "average": 6.8 },
    "image": {
      "medium": "https://static.tvmaze.com/uploads/images/medium_landscape/51/129104.jpg",
      "original": "https://static.tvmaze.com/uploads/images/original_untouched/51/129104.jpg"
    },
    "summary": "<p>A new inmate enters Sona, unnerving Whistler and raising Michael's suspicions; Lincoln plans an ocean getaway with Sofia as Susan moves up the escape timetable; T-Bag tempts his fate with his latest attraction; and Sucre attempts to get the goods into Sona.</p>",
    "_links": {
      "self": { "href": "https://api.tvmaze.com/episodes/49740" },
      "show": {
        "href": "https://api.tvmaze.com/shows/541",
        "name": "Prison Break"
      }
    }
  },
  {
    "id": 49741,
    "url": "https://www.tvmaze.com/episodes/49741/prison-break-3x06-photo-finish",
    "name": "Photo Finish",
    "season": 3,
    "number": 6,
    "type": "regular",
    "airdate": "2007-11-05",
    "airtime": "20:00",
    "airstamp": "2007-11-06T01:00:00+00:00",
    "runtime": 60,
    "rating": { "average": 7.1 },
    "image": {
      "medium": "https://static.tvmaze.com/uploads/images/medium_landscape/51/129105.jpg",
      "original": "https://static.tvmaze.com/uploads/images/original_untouched/51/129105.jpg"
    },
    "summary": "<p>When an inmate is found murdered, Whistler becomes the prime suspect and Michael must prove his innocence in order to save his life; Michael demands evidence from Susan that Sara is alive, or he will cancel the escape; Lincoln and Sofia monitor the guards' morning rituals; Mahone gets an offer that may get him a ticket out of Sona.</p>",
    "_links": {
      "self": { "href": "https://api.tvmaze.com/episodes/49741" },
      "show": {
        "href": "https://api.tvmaze.com/shows/541",
        "name": "Prison Break"
      }
    }
  },
  {
    "id": 49742,
    "url": "https://www.tvmaze.com/episodes/49742/prison-break-3x07-vamonos",
    "name": "Vamonos",
    "season": 3,
    "number": 7,
    "type": "regular",
    "airdate": "2007-11-05",
    "airtime": "20:00",
    "airstamp": "2007-11-06T01:00:00+00:00",
    "runtime": 60,
    "rating": { "average": 7.1 },
    "image": {
      "medium": "https://static.tvmaze.com/uploads/images/medium_landscape/51/129106.jpg",
      "original": "https://static.tvmaze.com/uploads/images/original_untouched/51/129106.jpg"
    },
    "summary": "<p>Everything goes wrong for Michael as he tries to create a diversion. Lincoln tries to outsmart Susan who has his son. Sucre offers his assistance to Lincoln.</p>",
    "_links": {
      "self": { "href": "https://api.tvmaze.com/episodes/49742" },
      "show": {
        "href": "https://api.tvmaze.com/shows/541",
        "name": "Prison Break"
      }
    }
  },
  {
    "id": 49743,
    "url": "https://www.tvmaze.com/episodes/49743/prison-break-3x08-bang-and-burn",
    "name": "Bang and Burn",
    "season": 3,
    "number": 8,
    "type": "regular",
    "airdate": "2007-11-12",
    "airtime": "20:00",
    "airstamp": "2007-11-13T01:00:00+00:00",
    "runtime": 60,
    "rating": { "average": 6.8 },
    "image": {
      "medium": "https://static.tvmaze.com/uploads/images/medium_landscape/51/129107.jpg",
      "original": "https://static.tvmaze.com/uploads/images/original_untouched/51/129107.jpg"
    },
    "summary": "<p>Susan takes the escape into her own hands, leaving Michael's life hanging in the balance; Lechero reveals a secret buried beneath Sona; Sofia uncovers more of Whistler's past; Mahone's freedom hinges on his testimony; and Lincoln and Sucre are targeted by The Company.</p>",
    "_links": {
      "self": { "href": "https://api.tvmaze.com/episodes/49743" },
      "show": {
        "href": "https://api.tvmaze.com/shows/541",
        "name": "Prison Break"
      }
    }
  },
  {
    "id": 49744,
    "url": "https://www.tvmaze.com/episodes/49744/prison-break-3x09-boxed-in",
    "name": "Boxed In",
    "season": 3,
    "number": 9,
    "type": "regular",
    "airdate": "2008-01-14",
    "airtime": "20:00",
    "airstamp": "2008-01-15T01:00:00+00:00",
    "runtime": 60,
    "rating": { "average": 6.9 },
    "image": {
      "medium": "https://static.tvmaze.com/uploads/images/medium_landscape/51/129108.jpg",
      "original": "https://static.tvmaze.com/uploads/images/original_untouched/51/129108.jpg"
    },
    "summary": "<p>After raising the suspicions of the Panamanian Army, Michael sweats out solitary Sona-style while Bellick weathers the fight of his life. Susan sets her sights on Sucre as T-Bag schemes his way into the escape.</p>",
    "_links": {
      "self": { "href": "https://api.tvmaze.com/episodes/49744" },
      "show": {
        "href": "https://api.tvmaze.com/shows/541",
        "name": "Prison Break"
      }
    }
  },
  {
    "id": 49745,
    "url": "https://www.tvmaze.com/episodes/49745/prison-break-3x10-dirt-nap",
    "name": "Dirt Nap",
    "season": 3,
    "number": 10,
    "type": "regular",
    "airdate": "2008-01-21",
    "airtime": "20:00",
    "airstamp": "2008-01-22T01:00:00+00:00",
    "runtime": 60,
    "rating": { "average": 7.1 },
    "image": {
      "medium": "https://static.tvmaze.com/uploads/images/medium_landscape/51/129109.jpg",
      "original": "https://static.tvmaze.com/uploads/images/original_untouched/51/129109.jpg"
    },
    "summary": "<p>When Lechero loses his authority over Sona, Sammy causes Michael's escape plan to come crashing down. T-Bag pressures Bellick to one more fight that will likely be his last. Lincoln and Sucre plan an explosive end for Susan.</p>",
    "_links": {
      "self": { "href": "https://api.tvmaze.com/episodes/49745" },
      "show": {
        "href": "https://api.tvmaze.com/shows/541",
        "name": "Prison Break"
      }
    }
  },
  {
    "id": 49746,
    "url": "https://www.tvmaze.com/episodes/49746/prison-break-3x11-under-and-out",
    "name": "Under and Out",
    "season": 3,
    "number": 11,
    "type": "regular",
    "airdate": "2008-02-04",
    "airtime": "20:00",
    "airstamp": "2008-02-05T01:00:00+00:00",
    "runtime": 60,
    "rating": { "average": 7.2 },
    "image": {
      "medium": "https://static.tvmaze.com/uploads/images/medium_landscape/51/129110.jpg",
      "original": "https://static.tvmaze.com/uploads/images/original_untouched/51/129110.jpg"
    },
    "summary": "<p>Heavy rains force Michael to move up the escape timetable and break out of Sona that evening. Another inmate joins in on the escape, and T-Bag and Lechero form an alliance as Bellick hopes to form one with Mahone. Lincoln and Sucre help bring the lights down on Sona.</p>",
    "_links": {
      "self": { "href": "https://api.tvmaze.com/episodes/49746" },
      "show": {
        "href": "https://api.tvmaze.com/shows/541",
        "name": "Prison Break"
      }
    }
  },
  {
    "id": 49747,
    "url": "https://www.tvmaze.com/episodes/49747/prison-break-3x12-hell-or-high-water",
    "name": "Hell or High Water",
    "season": 3,
    "number": 12,
    "type": "regular",
    "airdate": "2008-02-11",
    "airtime": "20:00",
    "airstamp": "2008-02-12T01:00:00+00:00",
    "runtime": 60,
    "rating": { "average": 7.1 },
    "image": {
      "medium": "https://static.tvmaze.com/uploads/images/medium_landscape/51/129111.jpg",
      "original": "https://static.tvmaze.com/uploads/images/original_untouched/51/129111.jpg"
    },
    "summary": "<p>Michael and his fellow inmates make their break from Sona, but the escape doesn't go as planned for all of them.</p>",
    "_links": {
      "self": { "href": "https://api.tvmaze.com/episodes/49747" },
      "show": {
        "href": "https://api.tvmaze.com/shows/541",
        "name": "Prison Break"
      }
    }
  },
  {
    "id": 49748,
    "url": "https://www.tvmaze.com/episodes/49748/prison-break-3x13-the-art-of-the-deal",
    "name": "The Art of the Deal",
    "season": 3,
    "number": 13,
    "type": "regular",
    "airdate": "2008-02-18",
    "airtime": "20:00",
    "airstamp": "2008-02-19T01:00:00+00:00",
    "runtime": 60,
    "rating": { "average": 7.2 },
    "image": {
      "medium": "https://static.tvmaze.com/uploads/images/medium_landscape/51/129112.jpg",
      "original": "https://static.tvmaze.com/uploads/images/original_untouched/51/129112.jpg"
    },
    "summary": "<p>Michael &amp; Lincoln must handover Whistler to Susan so they can save LJ and Sofia's lives; Mahone seizes a golden opportunity; T-Bag shows Sona who's boss; a familiar face enters Sona as another leaves it in a body bag.</p>",
    "_links": {
      "self": { "href": "https://api.tvmaze.com/episodes/49748" },
      "show": {
        "href": "https://api.tvmaze.com/shows/541",
        "name": "Prison Break"
      }
    }
  },
  {
    "id": 49749,
    "url": "https://www.tvmaze.com/episodes/49749/prison-break-4x01-scylla",
    "name": "Scylla",
    "season": 4,
    "number": 1,
    "type": "regular",
    "airdate": "2008-09-01",
    "airtime": "20:00",
    "airstamp": "2008-09-02T00:00:00+00:00",
    "runtime": 60,
    "rating": { "average": 6.7 },
    "image": {
      "medium": "https://static.tvmaze.com/uploads/images/medium_landscape/51/129118.jpg",
      "original": "https://static.tvmaze.com/uploads/images/original_untouched/51/129118.jpg"
    },
    "summary": "<p>Michael uncovers unbelievable news in Los Angeles when he seeks revenge against Whistler and Gretchen for Sara's death. Michael and Lincoln are reunited with the gang and receive an offer from a Homeland Security Agent they cannot refuse. Mahone suffers a devastating loss, and T-Bag is deserted during his flight to freedom.</p>",
    "_links": {
      "self": { "href": "https://api.tvmaze.com/episodes/49749" },
      "show": {
        "href": "https://api.tvmaze.com/shows/541",
        "name": "Prison Break"
      }
    }
  },
  {
    "id": 49750,
    "url": "https://www.tvmaze.com/episodes/49750/prison-break-4x02-breaking-and-entering",
    "name": "Breaking and Entering",
    "season": 4,
    "number": 2,
    "type": "regular",
    "airdate": "2008-09-01",
    "airtime": "20:00",
    "airstamp": "2008-09-02T00:00:00+00:00",
    "runtime": 60,
    "rating": { "average": 7.3 },
    "image": {
      "medium": "https://static.tvmaze.com/uploads/images/medium_landscape/51/129119.jpg",
      "original": "https://static.tvmaze.com/uploads/images/original_untouched/51/129119.jpg"
    },
    "summary": "<p>Michael, Lincoln and the others get a new team member, Roland, and work to copy the data card. Wyatt continues his quest to find the brothers. T-Bag makes his way north.</p>",
    "_links": {
      "self": { "href": "https://api.tvmaze.com/episodes/49750" },
      "show": {
        "href": "https://api.tvmaze.com/shows/541",
        "name": "Prison Break"
      }
    }
  },
  {
    "id": 49751,
    "url": "https://www.tvmaze.com/episodes/49751/prison-break-4x03-shut-down",
    "name": "Shut Down",
    "season": 4,
    "number": 3,
    "type": "regular",
    "airdate": "2008-09-08",
    "airtime": "20:00",
    "airstamp": "2008-09-09T00:00:00+00:00",
    "runtime": 60,
    "rating": { "average": 7 },
    "image": {
      "medium": "https://static.tvmaze.com/uploads/images/medium_landscape/51/129120.jpg",
      "original": "https://static.tvmaze.com/uploads/images/original_untouched/51/129120.jpg"
    },
    "summary": "<p>Michael and the team have one day to find the next cardholder or they risk going back to prison. Mahone seeks revenge on Wyatt who is attempting to extract info on Sara's whereabouts, while T-Bag finds the gateway to his new identity and future.</p>",
    "_links": {
      "self": { "href": "https://api.tvmaze.com/episodes/49751" },
      "show": {
        "href": "https://api.tvmaze.com/shows/541",
        "name": "Prison Break"
      }
    }
  },
  {
    "id": 49752,
    "url": "https://www.tvmaze.com/episodes/49752/prison-break-4x04-eagles-and-angels",
    "name": "Eagles and Angels",
    "season": 4,
    "number": 4,
    "type": "regular",
    "airdate": "2008-09-15",
    "airtime": "20:00",
    "airstamp": "2008-09-16T00:00:00+00:00",
    "runtime": 60,
    "rating": { "average": 6.9 },
    "image": {
      "medium": "https://static.tvmaze.com/uploads/images/medium_landscape/51/129121.jpg",
      "original": "https://static.tvmaze.com/uploads/images/original_untouched/51/129121.jpg"
    },
    "summary": "<p>Michael, Lincoln and Sucre must crash a police benefit to obtain the next card key. Reeling from another death, Sara falls back into an old habit. T-Bag arouses suspicion and runs into some old \"friends\" his first day on the job.</p>",
    "_links": {
      "self": { "href": "https://api.tvmaze.com/episodes/49752" },
      "show": {
        "href": "https://api.tvmaze.com/shows/541",
        "name": "Prison Break"
      }
    }
  },
  {
    "id": 49753,
    "url": "https://www.tvmaze.com/episodes/49753/prison-break-4x05-safe-and-sound",
    "name": "Safe and Sound",
    "season": 4,
    "number": 5,
    "type": "regular",
    "airdate": "2008-09-22",
    "airtime": "20:00",
    "airstamp": "2008-09-23T00:00:00+00:00",
    "runtime": 60,
    "rating": { "average": 6.9 },
    "image": {
      "medium": "https://static.tvmaze.com/uploads/images/medium_landscape/51/129122.jpg",
      "original": "https://static.tvmaze.com/uploads/images/original_untouched/51/129122.jpg"
    },
    "summary": "<p>The search for the next card key holder brings Michael and Lincoln to the Treasury Department. Sucre and Bellick track T-Bag, who arouses suspicions and forms an uneasy alliance at his new job. Wyatt uses his personal touch with Gretchen.</p>",
    "_links": {
      "self": { "href": "https://api.tvmaze.com/episodes/49753" },
      "show": {
        "href": "https://api.tvmaze.com/shows/541",
        "name": "Prison Break"
      }
    }
  },
  {
    "id": 49754,
    "url": "https://www.tvmaze.com/episodes/49754/prison-break-4x06-blow-out",
    "name": "Blow Out",
    "season": 4,
    "number": 6,
    "type": "regular",
    "airdate": "2008-09-29",
    "airtime": "20:00",
    "airstamp": "2008-09-30T00:00:00+00:00",
    "runtime": 60,
    "rating": { "average": 7.2 },
    "image": {
      "medium": "https://static.tvmaze.com/uploads/images/medium_landscape/51/129123.jpg",
      "original": "https://static.tvmaze.com/uploads/images/original_untouched/51/129123.jpg"
    },
    "summary": "<p>Michael and the gang track a key card holder to a racetrack while Mahone gets caught with something invaluable. Gretchen has a family reunion, and Self lands on Wyatt's radar. T-Bag begins to unravel Whistler's code.</p>",
    "_links": {
      "self": { "href": "https://api.tvmaze.com/episodes/49754" },
      "show": {
        "href": "https://api.tvmaze.com/shows/541",
        "name": "Prison Break"
      }
    }
  },
  {
    "id": 49755,
    "url": "https://www.tvmaze.com/episodes/49755/prison-break-4x07-five-the-hard-way",
    "name": "Five the Hard Way",
    "season": 4,
    "number": 7,
    "type": "regular",
    "airdate": "2008-10-06",
    "airtime": "20:00",
    "airstamp": "2008-10-07T00:00:00+00:00",
    "runtime": 60,
    "rating": { "average": 7.3 },
    "image": {
      "medium": "https://static.tvmaze.com/uploads/images/medium_landscape/51/129124.jpg",
      "original": "https://static.tvmaze.com/uploads/images/original_untouched/51/129124.jpg"
    },
    "summary": "<p>Lincoln takes members of the team to Las Vegas where Sucre gets an indecent proposal. Sara learns about Michael's condition, and Roland pushes his luck too far. Gretchen teams up with T-Bag who makes an offer to Michael he cannot refuse. Meanwhile, the secrets in Whistler's bird book are finally revealed.</p>",
    "_links": {
      "self": { "href": "https://api.tvmaze.com/episodes/49755" },
      "show": {
        "href": "https://api.tvmaze.com/shows/541",
        "name": "Prison Break"
      }
    }
  },
  {
    "id": 49756,
    "url": "https://www.tvmaze.com/episodes/49756/prison-break-4x08-the-price",
    "name": "The Price",
    "season": 4,
    "number": 8,
    "type": "regular",
    "airdate": "2008-10-20",
    "airtime": "20:00",
    "airstamp": "2008-10-21T00:00:00+00:00",
    "runtime": 60,
    "rating": { "average": 7.5 },
    "image": {
      "medium": "https://static.tvmaze.com/uploads/images/medium_landscape/51/129125.jpg",
      "original": "https://static.tvmaze.com/uploads/images/original_untouched/51/129125.jpg"
    },
    "summary": "<p>Lincoln and Sucre target Pad Man to obtain the sixth and final card key, and Gretchen gives Sara an opportunity to settle the score. Michael and Roland each make deals with different devils, while a team member finds himself on the wrong end of a bullet.</p>",
    "_links": {
      "self": { "href": "https://api.tvmaze.com/episodes/49756" },
      "show": {
        "href": "https://api.tvmaze.com/shows/541",
        "name": "Prison Break"
      }
    }
  },
  {
    "id": 49757,
    "url": "https://www.tvmaze.com/episodes/49757/prison-break-4x09-greatness-achieved",
    "name": "Greatness Achieved",
    "season": 4,
    "number": 9,
    "type": "regular",
    "airdate": "2008-11-03",
    "airtime": "20:00",
    "airstamp": "2008-11-04T01:00:00+00:00",
    "runtime": 60,
    "rating": { "average": 7.3 },
    "image": {
      "medium": "https://static.tvmaze.com/uploads/images/medium_landscape/51/129126.jpg",
      "original": "https://static.tvmaze.com/uploads/images/original_untouched/51/129126.jpg"
    },
    "summary": "<p>Wyatt gets a taste of his own medicine, and Mahone finds some resolution. T-Bag scrambles when the police investigate his missing co-worker while Gretchen gets cozy with a Company man. Michael's condition continues to worsen, and a team member makes the ultimate sacrifice while planning the underground break-in for Scylla.</p>",
    "_links": {
      "self": { "href": "https://api.tvmaze.com/episodes/49757" },
      "show": {
        "href": "https://api.tvmaze.com/shows/541",
        "name": "Prison Break"
      }
    }
  },
  {
    "id": 49758,
    "url": "https://www.tvmaze.com/episodes/49758/prison-break-4x10-the-legend",
    "name": "The Legend",
    "season": 4,
    "number": 10,
    "type": "regular",
    "airdate": "2008-11-10",
    "airtime": "20:00",
    "airstamp": "2008-11-11T01:00:00+00:00",
    "runtime": 60,
    "rating": { "average": 7.3 },
    "image": {
      "medium": "https://static.tvmaze.com/uploads/images/medium_landscape/51/129127.jpg",
      "original": "https://static.tvmaze.com/uploads/images/original_untouched/51/129127.jpg"
    },
    "summary": "<p>Michael's medical condition forces Sara to take him to the hospital, and Sucre and Lincoln get themselves into an explosive situation. Mahone has designs on the Company's architect while Agent Self meets with a surprising ally.</p>",
    "_links": {
      "self": { "href": "https://api.tvmaze.com/episodes/49758" },
      "show": {
        "href": "https://api.tvmaze.com/shows/541",
        "name": "Prison Break"
      }
    }
  },
  {
    "id": 49759,
    "url": "https://www.tvmaze.com/episodes/49759/prison-break-4x11-quiet-riot",
    "name": "Quiet Riot",
    "season": 4,
    "number": 11,
    "type": "regular",
    "airdate": "2008-11-17",
    "airtime": "20:00",
    "airstamp": "2008-11-18T01:00:00+00:00",
    "runtime": 60,
    "rating": { "average": 7.7 },
    "image": {
      "medium": "https://static.tvmaze.com/uploads/images/medium_landscape/51/129128.jpg",
      "original": "https://static.tvmaze.com/uploads/images/original_untouched/51/129128.jpg"
    },
    "summary": "<p>Michael races against time and his ailing health to break into the Company headquarters to steal Scylla, but the break-in's success lies with Sucre. Gretchen dresses up for a meeting with the General and one final attempt to get the last card key. T-Bag must make a decision to leave his criminal ways for good.</p>",
    "_links": {
      "self": { "href": "https://api.tvmaze.com/episodes/49759" },
      "show": {
        "href": "https://api.tvmaze.com/shows/541",
        "name": "Prison Break"
      }
    }
  },
  {
    "id": 49760,
    "url": "https://www.tvmaze.com/episodes/49760/prison-break-4x12-selfless",
    "name": "Selfless",
    "season": 4,
    "number": 12,
    "type": "regular",
    "airdate": "2008-11-24",
    "airtime": "20:00",
    "airstamp": "2008-11-25T01:00:00+00:00",
    "runtime": 60,
    "rating": { "average": 7.6 },
    "image": {
      "medium": "https://static.tvmaze.com/uploads/images/medium_landscape/51/129129.jpg",
      "original": "https://static.tvmaze.com/uploads/images/original_untouched/51/129129.jpg"
    },
    "summary": "<p>The search for Scylla comes to a shocking end as Sara takes a hostage, T-Bag and Gretchen have their last stand at Gate, and Michael and Lincoln come face-to-face with the General and are betrayed by one of their own.</p>",
    "_links": {
      "self": { "href": "https://api.tvmaze.com/episodes/49760" },
      "show": {
        "href": "https://api.tvmaze.com/shows/541",
        "name": "Prison Break"
      }
    }
  },
  {
    "id": 49761,
    "url": "https://www.tvmaze.com/episodes/49761/prison-break-4x13-deal-or-no-deal",
    "name": "Deal or No Deal",
    "season": 4,
    "number": 13,
    "type": "regular",
    "airdate": "2008-12-01",
    "airtime": "20:00",
    "airstamp": "2008-12-02T01:00:00+00:00",
    "runtime": 60,
    "rating": { "average": 7.3 },
    "image": {
      "medium": "https://static.tvmaze.com/uploads/images/medium_landscape/51/129130.jpg",
      "original": "https://static.tvmaze.com/uploads/images/original_untouched/51/129130.jpg"
    },
    "summary": "<p>Michael must hold the team together after they are betrayed by one of their own. T-Bag gets a new partner who blackmails Gretchen into finding a buyer for Scylla.</p>",
    "_links": {
      "self": { "href": "https://api.tvmaze.com/episodes/49761" },
      "show": {
        "href": "https://api.tvmaze.com/shows/541",
        "name": "Prison Break"
      }
    }
  },
  {
    "id": 49762,
    "url": "https://www.tvmaze.com/episodes/49762/prison-break-4x14-just-business",
    "name": "Just Business",
    "season": 4,
    "number": 14,
    "type": "regular",
    "airdate": "2008-12-08",
    "airtime": "20:00",
    "airstamp": "2008-12-09T01:00:00+00:00",
    "runtime": 60,
    "rating": { "average": 7 },
    "image": {
      "medium": "https://static.tvmaze.com/uploads/images/medium_landscape/51/129131.jpg",
      "original": "https://static.tvmaze.com/uploads/images/original_untouched/51/129131.jpg"
    },
    "summary": "<p>Michael and Lincoln race to get Scylla back from Gretchen and her new partner who are just as determined to get a missing piece of the puzzle from the brothers. Meanwhile, Mahone meets with an old colleague who is torn between friendship and duty, and T-Bag's faith is put to the test while holding Gretchen's family hostage.</p>",
    "_links": {
      "self": { "href": "https://api.tvmaze.com/episodes/49762" },
      "show": {
        "href": "https://api.tvmaze.com/shows/541",
        "name": "Prison Break"
      }
    }
  },
  {
    "id": 49763,
    "url": "https://www.tvmaze.com/episodes/49763/prison-break-4x15-going-under",
    "name": "Going Under",
    "season": 4,
    "number": 15,
    "type": "regular",
    "airdate": "2008-12-15",
    "airtime": "20:00",
    "airstamp": "2008-12-16T01:00:00+00:00",
    "runtime": 60,
    "rating": { "average": 6.7 },
    "image": {
      "medium": "https://static.tvmaze.com/uploads/images/medium_landscape/51/129132.jpg",
      "original": "https://static.tvmaze.com/uploads/images/original_untouched/51/129132.jpg"
    },
    "summary": "<p>Michael gets medical attention from the most unlikely of places, and Charles Westmoreland returns to help uncover the true meaning of Scylla. Meanwhile, Lincoln and Sucre race to stop Gretchen before Scylla is lost forever.</p>",
    "_links": {
      "self": { "href": "https://api.tvmaze.com/episodes/49763" },
      "show": {
        "href": "https://api.tvmaze.com/shows/541",
        "name": "Prison Break"
      }
    }
  },
  {
    "id": 49764,
    "url": "https://www.tvmaze.com/episodes/49764/prison-break-4x16-the-sunshine-state",
    "name": "The Sunshine State",
    "season": 4,
    "number": 16,
    "type": "regular",
    "airdate": "2008-12-22",
    "airtime": "20:00",
    "airstamp": "2008-12-23T01:00:00+00:00",
    "runtime": 60,
    "rating": { "average": 6.4 },
    "image": {
      "medium": "https://static.tvmaze.com/uploads/images/medium_landscape/51/129133.jpg",
      "original": "https://static.tvmaze.com/uploads/images/original_untouched/51/129133.jpg"
    },
    "summary": "<p>Lincoln and his new partners arrive in Miami to recover Scylla from its shocking new owner, and Sara searches for a missing Michael who learns some surprising info about his past. Meanwhile, a double-crossing leads to a death and an arrest.</p>",
    "_links": {
      "self": { "href": "https://api.tvmaze.com/episodes/49764" },
      "show": {
        "href": "https://api.tvmaze.com/shows/541",
        "name": "Prison Break"
      }
    }
  },
  {
    "id": 49765,
    "url": "https://www.tvmaze.com/episodes/49765/prison-break-4x17-the-mother-lode",
    "name": "The Mother Lode",
    "season": 4,
    "number": 17,
    "type": "regular",
    "airdate": "2009-04-17",
    "airtime": "20:00",
    "airstamp": "2009-04-18T00:00:00+00:00",
    "runtime": 60,
    "rating": { "average": 6.1 },
    "image": {
      "medium": "https://static.tvmaze.com/uploads/images/medium_landscape/51/129134.jpg",
      "original": "https://static.tvmaze.com/uploads/images/original_untouched/51/129134.jpg"
    },
    "summary": "<p>Michael and Sara learn the dangers of hitchhiking as they make their way to Miami, and Lincoln meets with Christina who informs him of her plans to take over the Company. Meanwhile, Pad Man feels the heat from an new enemy, and T-Bag and Self's search for Scylla leads to an unexpected discovery.</p>",
    "_links": {
      "self": { "href": "https://api.tvmaze.com/episodes/49765" },
      "show": {
        "href": "https://api.tvmaze.com/shows/541",
        "name": "Prison Break"
      }
    }
  },
  {
    "id": 49766,
    "url": "https://www.tvmaze.com/episodes/49766/prison-break-4x18-vs",
    "name": "VS.",
    "season": 4,
    "number": 18,
    "type": "regular",
    "airdate": "2009-04-24",
    "airtime": "20:00",
    "airstamp": "2009-04-25T00:00:00+00:00",
    "runtime": 60,
    "rating": { "average": 6.8 },
    "image": {
      "medium": "https://static.tvmaze.com/uploads/images/medium_landscape/51/129135.jpg",
      "original": "https://static.tvmaze.com/uploads/images/original_untouched/51/129135.jpg"
    },
    "summary": "<p>Michael and Lincoln square-off over Scylla as Christina orders a kill shot and set sets her plan in motion. Sara receives some unexpected news, T-Bag causes a scene at the Indian Embassy and Pad Man's paranoia leads to a death.</p>",
    "_links": {
      "self": { "href": "https://api.tvmaze.com/episodes/49766" },
      "show": {
        "href": "https://api.tvmaze.com/shows/541",
        "name": "Prison Break"
      }
    }
  },
  {
    "id": 49767,
    "url": "https://www.tvmaze.com/episodes/49767/prison-break-4x19-sob",
    "name": "S.O.B.",
    "season": 4,
    "number": 19,
    "type": "regular",
    "airdate": "2009-05-01",
    "airtime": "20:00",
    "airstamp": "2009-05-02T00:00:00+00:00",
    "runtime": 60,
    "rating": { "average": 7 },
    "image": {
      "medium": "https://static.tvmaze.com/uploads/images/medium_landscape/51/129136.jpg",
      "original": "https://static.tvmaze.com/uploads/images/original_untouched/51/129136.jpg"
    },
    "summary": "<p>Michael has an uneasy reunion with Christina, who drops a bombshell regarding Lincoln. Lincoln races to stop Christina's deadly master plan. T-Bag must prove he is a Company man.</p>",
    "_links": {
      "self": { "href": "https://api.tvmaze.com/episodes/49767" },
      "show": {
        "href": "https://api.tvmaze.com/shows/541",
        "name": "Prison Break"
      }
    }
  },
  {
    "id": 49768,
    "url": "https://www.tvmaze.com/episodes/49768/prison-break-4x20-cowboys-and-indians",
    "name": "Cowboys and Indians",
    "season": 4,
    "number": 20,
    "type": "regular",
    "airdate": "2009-05-08",
    "airtime": "20:00",
    "airstamp": "2009-05-09T00:00:00+00:00",
    "runtime": 60,
    "rating": { "average": 7.2 },
    "image": {
      "medium": "https://static.tvmaze.com/uploads/images/medium_landscape/51/129137.jpg",
      "original": "https://static.tvmaze.com/uploads/images/original_untouched/51/129137.jpg"
    },
    "summary": "<p>Pandemonium erupts at the hotel following the assassination, and Christina puts the final pieces of her plan together. Meanwhile, the General makes good on his threat, and Michael is forced to choose between saving either Lincoln or Sara.</p>",
    "_links": {
      "self": { "href": "https://api.tvmaze.com/episodes/49768" },
      "show": {
        "href": "https://api.tvmaze.com/shows/541",
        "name": "Prison Break"
      }
    }
  },
  {
    "id": 49769,
    "url": "https://www.tvmaze.com/episodes/49769/prison-break-4x21-rate-of-exchange",
    "name": "Rate of Exchange",
    "season": 4,
    "number": 21,
    "type": "regular",
    "airdate": "2009-05-15",
    "airtime": "20:00",
    "airstamp": "2009-05-16T00:00:00+00:00",
    "runtime": 60,
    "rating": { "average": 7.2 },
    "image": {
      "medium": "https://static.tvmaze.com/uploads/images/medium_landscape/51/129138.jpg",
      "original": "https://static.tvmaze.com/uploads/images/original_untouched/51/129138.jpg"
    },
    "summary": "<p>As familiar faces return to help Michael in his quest to bring down The Company, Lincoln makes a discovery about his relationship with Michael.</p>",
    "_links": {
      "self": { "href": "https://api.tvmaze.com/episodes/49769" },
      "show": {
        "href": "https://api.tvmaze.com/shows/541",
        "name": "Prison Break"
      }
    }
  },
  {
    "id": 49770,
    "url": "https://www.tvmaze.com/episodes/49770/prison-break-4x22-killing-your-number",
    "name": "Killing Your Number",
    "season": 4,
    "number": 22,
    "type": "regular",
    "airdate": "2009-05-15",
    "airtime": "20:00",
    "airstamp": "2009-05-16T00:00:00+00:00",
    "runtime": 60,
    "rating": { "average": 7.4 },
    "image": {
      "medium": "https://static.tvmaze.com/uploads/images/medium_landscape/51/129139.jpg",
      "original": "https://static.tvmaze.com/uploads/images/original_untouched/51/129139.jpg"
    },
    "summary": "<p>After the general catches the brothers and raises the stakes by abducting more of their relatives, Michael escapes with Scylla.</p>",
    "_links": {
      "self": { "href": "https://api.tvmaze.com/episodes/49770" },
      "show": {
        "href": "https://api.tvmaze.com/shows/541",
        "name": "Prison Break"
      }
    }
  },
  {
    "id": 340277,
    "url": "https://www.tvmaze.com/episodes/340277/prison-break-s04-special-the-final-break",
    "name": "The Final Break",
    "season": 4,
    "number": null,
    "type": "significant_special",
    "airdate": "2009-05-27",
    "airtime": "20:00",
    "airstamp": "2009-05-28T00:00:00+00:00",
    "runtime": 90,
    "rating": { "average": 6.9 },
    "image": {
      "medium": "https://static.tvmaze.com/uploads/images/medium_landscape/51/129140.jpg",
      "original": "https://static.tvmaze.com/uploads/images/original_untouched/51/129140.jpg"
    },
    "summary": "<p>Sara has been jailed for murder. Wanting to make an example of her, the government has sent her to a women's prison and she faces 25 years to life. Heavily pregnant and fearful for her life, Sara must survive by making an alliance with an old enemy... but she's a marked woman and various attempts on her life lead Michael to take drastic action.</p>",
    "_links": {
      "self": { "href": "https://api.tvmaze.com/episodes/340277" },
      "show": {
        "href": "https://api.tvmaze.com/shows/541",
        "name": "Prison Break"
      }
    }
  },
  {
    "id": 854583,
    "url": "https://www.tvmaze.com/episodes/854583/prison-break-5x01-ogygia",
    "name": "Ogygia",
    "season": 5,
    "number": 1,
    "type": "regular",
    "airdate": "2017-04-04",
    "airtime": "21:00",
    "airstamp": "2017-04-05T01:00:00+00:00",
    "runtime": 60,
    "rating": { "average": 7 },
    "image": {
      "medium": "https://static.tvmaze.com/uploads/images/medium_landscape/105/263783.jpg",
      "original": "https://static.tvmaze.com/uploads/images/original_untouched/105/263783.jpg"
    },
    "summary": "<p>In the season premiere clues surface that suggest a previously thought-to-be-dead Michael may be alive. Lincoln and Sara, Michael's wife until he was presumed dead, reunite to engineer the series' biggest escape ever, as three of Fox River State Penitentiary's most notorious escapees, Sucre, T-Bag and C-Note, are pulled back into the action.</p>",
    "_links": {
      "self": { "href": "https://api.tvmaze.com/episodes/854583" },
      "show": {
        "href": "https://api.tvmaze.com/shows/541",
        "name": "Prison Break"
      }
    }
  },
  {
    "id": 854588,
    "url": "https://www.tvmaze.com/episodes/854588/prison-break-5x02-kaniel-outis",
    "name": "Kaniel Outis",
    "season": 5,
    "number": 2,
    "type": "regular",
    "airdate": "2017-04-11",
    "airtime": "21:00",
    "airstamp": "2017-04-12T01:00:00+00:00",
    "runtime": 60,
    "rating": { "average": 6.7 },
    "image": {
      "medium": "https://static.tvmaze.com/uploads/images/medium_landscape/106/266913.jpg",
      "original": "https://static.tvmaze.com/uploads/images/original_untouched/106/266913.jpg"
    },
    "summary": "<p>As Lincoln and C-Note search for the \"Sheik of Light,\" Michael and his cellmate, Whip, attempt an escape from Ogygia. Meanwhile, Sara's investigation into Michael's reappearance leads her to the state department and an uneasy reunion with Paul Kellerman.</p>",
    "_links": {
      "self": { "href": "https://api.tvmaze.com/episodes/854588" },
      "show": {
        "href": "https://api.tvmaze.com/shows/541",
        "name": "Prison Break"
      }
    }
  },
  {
    "id": 1039317,
    "url": "https://www.tvmaze.com/episodes/1039317/prison-break-5x03-the-liar",
    "name": "The Liar",
    "season": 5,
    "number": 3,
    "type": "regular",
    "airdate": "2017-04-18",
    "airtime": "21:00",
    "airstamp": "2017-04-19T01:00:00+00:00",
    "runtime": 60,
    "rating": { "average": 6.4 },
    "image": {
      "medium": "https://static.tvmaze.com/uploads/images/medium_landscape/107/269622.jpg",
      "original": "https://static.tvmaze.com/uploads/images/original_untouched/107/269622.jpg"
    },
    "summary": "<p>When T-Bag ambushes Sara, he warns her that two of Poseidon's henchmen, Van Gogh and A&amp;W, may be following her. Meanwhile, Lincoln attempts to retrieve his confiscated passport to escape Yemen, and Michael plans his next move.</p>",
    "_links": {
      "self": { "href": "https://api.tvmaze.com/episodes/1039317" },
      "show": {
        "href": "https://api.tvmaze.com/shows/541",
        "name": "Prison Break"
      }
    }
  },
  {
    "id": 854594,
    "url": "https://www.tvmaze.com/episodes/854594/prison-break-5x04-the-prisoners-dilemma",
    "name": "The Prisoner's Dilemma",
    "season": 5,
    "number": 4,
    "type": "regular",
    "airdate": "2017-04-25",
    "airtime": "21:00",
    "airstamp": "2017-04-26T01:00:00+00:00",
    "runtime": 60,
    "rating": { "average": 6.7 },
    "image": {
      "medium": "https://static.tvmaze.com/uploads/images/medium_landscape/108/272187.jpg",
      "original": "https://static.tvmaze.com/uploads/images/original_untouched/108/272187.jpg"
    },
    "summary": "<p>Michael, Whip and Ja make their last attempt to break from Ogygia, but must make a deal with the devil to do so. Lincoln races against the clock to help with the escape, as T-Bag meets with Kellerman to gather more info on Michael's resurrection.</p>",
    "_links": {
      "self": { "href": "https://api.tvmaze.com/episodes/854594" },
      "show": {
        "href": "https://api.tvmaze.com/shows/541",
        "name": "Prison Break"
      }
    }
  },
  {
    "id": 1039316,
    "url": "https://www.tvmaze.com/episodes/1039316/prison-break-5x05-contingency",
    "name": "Contingency",
    "season": 5,
    "number": 5,
    "type": "regular",
    "airdate": "2017-05-02",
    "airtime": "21:00",
    "airstamp": "2017-05-03T01:00:00+00:00",
    "runtime": 60,
    "rating": { "average": 5.7 },
    "image": {
      "medium": "https://static.tvmaze.com/uploads/images/medium_landscape/110/275622.jpg",
      "original": "https://static.tvmaze.com/uploads/images/original_untouched/110/275622.jpg"
    },
    "summary": "<p>Lincoln becomes frustrated as he tries to understand what really happened to Michael. C-Note has a new escape plan, but fears it will not be executed quickly enough, as Cyclops is trailing closely behind. Meanwhile, Sara struggles with the idea that Michael may be alive.</p>",
    "_links": {
      "self": { "href": "https://api.tvmaze.com/episodes/1039316" },
      "show": {
        "href": "https://api.tvmaze.com/shows/541",
        "name": "Prison Break"
      }
    }
  },
  {
    "id": 1107652,
    "url": "https://www.tvmaze.com/episodes/1107652/prison-break-5x06-phaecia",
    "name": "Phaecia",
    "season": 5,
    "number": 6,
    "type": "regular",
    "airdate": "2017-05-09",
    "airtime": "21:00",
    "airstamp": "2017-05-10T01:00:00+00:00",
    "runtime": 60,
    "rating": { "average": 5.5 },
    "image": {
      "medium": "https://static.tvmaze.com/uploads/images/medium_landscape/111/277999.jpg",
      "original": "https://static.tvmaze.com/uploads/images/original_untouched/111/277999.jpg"
    },
    "summary": "<p>As Michael, Lincoln and the remaining Ogygia gang try to escape Yemen, they find themselves racing though the desert from a vengeful Cyclops. Meanwhile, A&amp;W and Van Gogh question their roles as their pursuit of the escapees leads them to...Graceland.</p>",
    "_links": {
      "self": { "href": "https://api.tvmaze.com/episodes/1107652" },
      "show": {
        "href": "https://api.tvmaze.com/shows/541",
        "name": "Prison Break"
      }
    }
  },
  {
    "id": 1107653,
    "url": "https://www.tvmaze.com/episodes/1107653/prison-break-5x07-wine-dark-sea",
    "name": "Wine-Dark Sea",
    "season": 5,
    "number": 7,
    "type": "regular",
    "airdate": "2017-05-16",
    "airtime": "21:00",
    "airstamp": "2017-05-17T01:00:00+00:00",
    "runtime": 60,
    "rating": { "average": 6.3 },
    "image": {
      "medium": "https://static.tvmaze.com/uploads/images/medium_landscape/112/280699.jpg",
      "original": "https://static.tvmaze.com/uploads/images/original_untouched/112/280699.jpg"
    },
    "summary": "<p>Sara becomes fearful of her family's safety when she discovers the real reason that Michael faked his own death. In the meantime, Michael and Lincoln continue to try find a way home with the help of Sucre, and the real identity of Poseidon is revealed.</p>",
    "_links": {
      "self": { "href": "https://api.tvmaze.com/episodes/1107653" },
      "show": {
        "href": "https://api.tvmaze.com/shows/541",
        "name": "Prison Break"
      }
    }
  },
  {
    "id": 1107654,
    "url": "https://www.tvmaze.com/episodes/1107654/prison-break-5x08-progeny",
    "name": "Progeny",
    "season": 5,
    "number": 8,
    "type": "regular",
    "airdate": "2017-05-23",
    "airtime": "21:00",
    "airstamp": "2017-05-24T01:00:00+00:00",
    "runtime": 60,
    "rating": { "average": 6.3 },
    "image": {
      "medium": "https://static.tvmaze.com/uploads/images/medium_landscape/113/283510.jpg",
      "original": "https://static.tvmaze.com/uploads/images/original_untouched/113/283510.jpg"
    },
    "summary": "<p>When Sara and her son's safety is threatened, Michael and Lincoln recruit the help of Sheba and C-Note to try and catch Poseidon. Meanwhile, Whip goes on a separate mission and T-Bag reveals a secret.</p>",
    "_links": {
      "self": { "href": "https://api.tvmaze.com/episodes/1107654" },
      "show": {
        "href": "https://api.tvmaze.com/shows/541",
        "name": "Prison Break"
      }
    }
  },
  {
    "id": 1107655,
    "url": "https://www.tvmaze.com/episodes/1107655/prison-break-5x09-behind-the-eyes",
    "name": "Behind the Eyes",
    "season": 5,
    "number": 9,
    "type": "regular",
    "airdate": "2017-05-30",
    "airtime": "21:00",
    "airstamp": "2017-05-31T01:00:00+00:00",
    "runtime": 60,
    "rating": { "average": 6.5 },
    "image": {
      "medium": "https://static.tvmaze.com/uploads/images/medium_landscape/114/286745.jpg",
      "original": "https://static.tvmaze.com/uploads/images/original_untouched/114/286745.jpg"
    },
    "summary": "<p>Dangerous threats keep Michael and Lincoln fighting to protect Sara and Mike. Meanwhile, Poseidon continues to try and outsmart Michael and the rest of the gang, which leads them to the ultimate showdown, and not everyone makes it out alive.</p>",
    "_links": {
      "self": { "href": "https://api.tvmaze.com/episodes/1107655" },
      "show": {
        "href": "https://api.tvmaze.com/shows/541",
        "name": "Prison Break"
      }
    }
  },
  {
    "id": 49771,
    "url": "https://www.tvmaze.com/episodes/49771/prison-break-s01-special-behind-the-walls",
    "name": "Behind the Walls",
    "season": 1,
    "number": null,
    "type": "insignificant_special",
    "airdate": "2005-10-11",
    "airtime": "20:00",
    "airstamp": "2005-10-12T00:00:00+00:00",
    "runtime": 60,
    "rating": { "average": 8 },
    "image": {
      "medium": "https://static.tvmaze.com/uploads/images/medium_landscape/27/69263.jpg",
      "original": "https://static.tvmaze.com/uploads/images/original_untouched/27/69263.jpg"
    },
    "summary": "",
    "_links": {
      "self": { "href": "https://api.tvmaze.com/episodes/49771" },
      "show": {
        "href": "https://api.tvmaze.com/shows/541",
        "name": "Prison Break"
      }
    }
  },
  {
    "id": 49772,
    "url": "https://www.tvmaze.com/episodes/49772/prison-break-s02-special-the-road-to-freedom",
    "name": "The Road to Freedom",
    "season": 2,
    "number": null,
    "type": "insignificant_special",
    "airdate": "2007-01-08",
    "airtime": "20:00",
    "airstamp": "2007-01-09T01:00:00+00:00",
    "runtime": 60,
    "rating": { "average": 8.3 },
    "image": {
      "medium": "https://static.tvmaze.com/uploads/images/medium_landscape/27/69286.jpg",
      "original": "https://static.tvmaze.com/uploads/images/original_untouched/27/69286.jpg"
    },
    "summary": null,
    "_links": {
      "self": { "href": "https://api.tvmaze.com/episodes/49772" },
      "show": {
        "href": "https://api.tvmaze.com/shows/541",
        "name": "Prison Break"
      }
    }
  },
  {
    "id": 49773,
    "url": "https://www.tvmaze.com/episodes/49773/prison-break-s03-special-access-all-areas",
    "name": "Access All Areas",
    "season": 3,
    "number": null,
    "type": "insignificant_special",
    "airdate": "2007-09-23",
    "airtime": "20:00",
    "airstamp": "2007-09-24T00:00:00+00:00",
    "runtime": 60,
    "rating": { "average": 10 },
    "image": {
      "medium": "https://static.tvmaze.com/uploads/images/medium_landscape/27/69300.jpg",
      "original": "https://static.tvmaze.com/uploads/images/original_untouched/27/69300.jpg"
    },
    "summary": "",
    "_links": {
      "self": { "href": "https://api.tvmaze.com/episodes/49773" },
      "show": {
        "href": "https://api.tvmaze.com/shows/541",
        "name": "Prison Break"
      }
    }
  },
  {
    "id": 1089152,
    "url": "https://www.tvmaze.com/episodes/1089152/prison-break-s05-special-resurrection",
    "name": "Resurrection",
    "season": 5,
    "number": null,
    "type": "insignificant_special",
    "airdate": "2017-03-03",
    "airtime": "21:00",
    "airstamp": "2017-03-04T02:00:00+00:00",
    "runtime": 30,
    "rating": { "average": 9.7 },
    "image": null,
    "summary": "<p>In this 30-minute special, join the cast and creators of PRISON BREAK as they take us behind-the-scenes of what promises to be their biggest escape yet.</p>",
    "_links": {
      "self": { "href": "https://api.tvmaze.com/episodes/1089152" },
      "show": {
        "href": "https://api.tvmaze.com/shows/541",
        "name": "Prison Break"
      }
    }
  }
]
